Name ,Twitter
Department of Business and Industrial Strategy,beisgovuk
Department of Energy and Climate Change,DECCgovuk
Department for Communities and Local Government,CommunitiesUK
HM Treasury,hmtreasury
Federation of Master Builders,fmbuilders
National Federation of Builders,nfbuilders
UK Green Building Council,UKGBC
Chartered Institute of Building,theCIOB
Constructing Excellence,constructingexc
Construction Industry Training Board,CITB_UK
Federation of Awarding Bodies,awardingbodies
Construction Products Association,CPA_Tweets
Passivhaus Trust,PassivhausTrust
Association for Environment-Conscious Building,AECBnet
Centre of Refurbishment Excellence,
Green Construction Board,
The Edge,
Royal Institution of British Architects,RIBA
Royal Institution of Chartered Surveyors,RICSnews
Chartered Institute of Building Services Engineers,CIBSE
British Association of Construction Heads,
Association of Colleges,AoC_info
Summit Skills,
Local Authority Building Control,labcuk
Town and Country Planning Association,theTCPA
Residential Landlords Association,RLA_News
National Landlords Association,nationalandlord
Chartered Institute of Housing,CIHhousing
National Housing Federation,natfednews
National Federation of Roofing Contractors,TheNFRC
Confederation of Roofing Contractors,corc101
Solar Trade Association,thesolartrade
Association for Project Management,APMProjectMgmt
The Carpenters' Company,
Builders Merchants Federation,bmf_merchants
Worshipful Company of Builders Merchants,wcobm
Institute of Builders Merchants,iobm_news
Energy UK,EnergyUKcomms
Association of Plumbing and Heating Contractors,aphc_uk
Chartered Institute of Plumbing and Heating Engineers,ciphe
Scottish and Northern Ireland Plumbing Employers' Federation,snipefnews
Gas Safe,GasSafeRegister
Construction Industry Council,CICtweet
Federation of Plastering and Drywall Contractors,
Kitchen Bathroom Bedroom Specialists Association,
National Insulation Association,NIALtd
Cavity Insulation Guarantee Agency,CavitywallCIGA
Microgeneration Certification Scheme,
FENSA,FENSA_Windows
Glass and Glazing Federation,ggf_news
Double Glazing and Conservatory Ombudsman Scheme,dgcos
Energy Saving Trust,EnergySvgTrust
Retrofit Academy,retrofitacademy
Carbon Trust,thecarbontrust
BRE Trust,thebretrust
Joseph Rowntree Foundation,jrf_uk
