id,keywords,accounts,name
1,construction bim building london design awards m home architecture house housing roofing energy training homes build projects congratulations roof job,bondbryanBIM SuButcher theCIOB TheNFRC StewartGH1970 CaseyRutland TheB1M ThePhilpster AndyBoutle DRossiter87 fmbuilders EEPaul BuildingNews NoMorePly liccle_em DigiConWeek trowel63 StrideTreglown fairsnape djhreed67,Construction
2,brexit london labour eu women nhs m change home students children st housing made services fantastic tory congratulations job todays,CommunitiesUK jrf_uk SadiqKhan UKLabour jeremycorbyn Shelter MayorofLondon CBItweets beisgovuk localitynews joesarling thomasforth ESRC juliaunwin resfoundation CentreforCities CitizensAdvice AbigailSPaul LGAcomms jomillerdonny,Politics 1
3,housing ukhousing homes home cihhousing london homelessness tenants residents house homeless affordable fantastic rent natfednews services awards job housingday insidehousing,CIHhousing natfednews AsifChoudry tomemurtha WeAreResource 24housing Alison_Inman KGilly9 TimMorton2 insidehousing amynettleton1 Simplicitly petebond7 adclarkie TPASJenny PaulBromford natfedDavid lyha_LisaP tpasengland placeshapers,Housing
4,energy change carbon sustainability renewables sustainable eu climatechange renewable gas cities london emissions electricity trump m innovation w environment building,UKGBC SustMeme DrSimEvans CarbonBrief WorldGBC SustMemeTop500 edie thecarbontrust TheGreenParty thesolartrade theCCCuk Bioregional CarolineLucas DECCgovuk CleanAirLondon EnergySvgTrust UNFCCC dariussnieckus CarbonCoop USGBC,Environmental
5,architecture design riba london architects house building housing awards architect architectsjrnal home de st buildings cities centre architectural projects congratulations,RIBA ArchitectsJrnal nlalondon BDonline angelabradyRIBA LFArchitecture russellcurtis RIBANorthWest Furmadamadam DbrayArchi ollywainwright INGMEDIA vineshpomal ben_derbyshire WHurst1 tomravenscroft FCBStudios waitey ribaeastmidland talklandscape,Architecture
6,heating gas boiler pbplumber plumbing gasmangod vaillantuk energy home installermag bathroom irbheating installer swhysall phpi training samchurchstile cliveomalley stylesplumbing carbon,pbplumber GasManGod phpi IanPlumbing S1Whysall Installermag the24hrplumber DrBoilers plymouthgas vaillantuk VietecHeating betateach PaulRHull Titanheat SteeleDamon TradesTalk irbheating SmailesBen ratechhotun rdmills88,Heating & Plumbing
7,passivhaus house energy building passive passivehouse design home homes housing buildings build elrondburrell de retrofit architecture construction london sustainable change,PassivhausTrust ElrondBurrell JurajMikurcik ecominimalnick SofiePelsmakers passivhausnews ecologicalbuild phplusmag PassiveHouseBB AECBnet PTArchitecture BenAdamSmith PassiveLogical ArchitypeUK ParsonsWhittley InklingLLP WolfgangFeist 6CylinderLTD MarkSiddallRIBA Greengaugenergy,Passive house
8,students apprenticeship apprenticeships skills courses apprentice careers fe job training congratulations fantastic awards info jobs centre colleges feweek london employers,worldskillsuk FEWeek tesfenews NickLinford Apprenticeships SkillsShow collabgrp stephenexley IanPretty1 AELPUK AoCDavidH LearnWorkUK PaulEeles shanermann DrNeilB carolestott HCFEprincipal hartlepoolfe cityandguilds AoC_info,Skills & Apprenticeships
9,london landlords home house housing landlord homes rent m tenants agents prices letting gtgt buytolet rental proptech properties building lettings,Dorian_Belvoir PropertyDanH HenryPryor antonyslumbers EstatesGazette JLLUK landlordtweets katefaulkner LandlordRef aknotay LandAid MIPIMWorld danc00ks0n JustLandlords stephenbrown54 Savills EAUKNetworking PropertyWeek BelvoirFranch AshleyPerryUK,Property Management
10,windows doors door window home fitshow glazing solidorltd conservatory products double glazingblogger aluminium installation ff roof customers design residence building,fitshow SolidorLtd glazingblogger mcdermottwindow SpectusWindows residence9 hertfordglass Atlasroofjohn NigelGrantUpvc silikaltd aztecwindows bosworthglass REHAUWindows PetitaWiles Homesealwindows NatFenAwards Northwestbifold claireheywood6 MarkWarren3 ListerTF,Windows & Doors
11,eu mp brexit conservatives labour mps parliament britain m fantastic jobs corbyn economy london delighted st congratulations home trade theresamay,Conservatives halfon4harlowMP HouseofCommons GregHands sajidjavid andy4wm CCHQPress ParlyApp BrandonLewis NFUPolitical grantshapps carriesymonds ZacGoldsmith CentralLobby EssexCanning LNevilleRolfe JohnPenroseNews ToryWorkers andrealeadsom WalkerWorcester,Politics 2
12,ricsnews rics construction london amandaclack building surveying women womenoffuture awards infrastructure de congratulations surveyor surveyors members housing job home house,RICSnews amanda_clack RICSchiefexec f1ekg RajSurveyor ricsamericas MarciaMFerrari CamSparkle LbsLouise KateTay73593006 LionHeartRICS SlingerSharon RICSSouth jkavanagh99 Matt_Wallace1 RICSRecruit LynnJaneR RICSMidlands MarkWalley13 GEOFFHUNTBSS,RICS
13,engineering ukmfg stem innovation women engineers students energy london congratulations innovateuk skills m tech engineer awards fantastic design programme training,innovateuk TheIET WES1919 WomanthologyUK TheManufacturer Catapult_UK KTNUK RAEngNews thewisecampaign Jonny_Will_28 Jefferson_MFG WillWhittow JoanneWhitehe15 EngineerComm BBSRC EPSRC SellafieldLtd EngCouncil born2engineer MadeinBritainGB,Engineering
14,housing london rtpiplanners homes cities thetcpa plans land brexit infrastructure planners design building regen theplannerrtpi rtpi planner rtpiscotland change planningmag,RTPIPlanners theTCPA RichardBlyth7 RTPIScotland LondonYIMBY MorphetMinor lianemendsacity ConvenorRTPIS TCPAHealth janicemorphet InternatRTPI PayneSarah NikolaMiller futureofldn planitpres bartonwillmore USPSheffield sricketts1 Tony4Place RTPIEastofEng,Urban Planning
15,scotland scottish glasgow edinburgh nicolasturgeon thesnp snp scotlands housing brexit students energy scotgov st poverty m home change awards fantastic,McKJohnA scottradbuild shelterscotland theSNP HistEnvScot scotgov UCCCFS KevinStewartSNP DStewartSFHA TheBEFS ArcDesSco DSM888 andywightman PaulWheelhouse PovertyAlliance OxfamScotland ScotGovPlanning RICSScotland HeriotWattUni skillsdevscot,Scotland
16,flood flooding floodaware envagency info details floods customers thames m home repair resilience london environment suds floodmary update cumbria rivers,EnvAgency floodmary DefraGovUK EnvAgencyNW johncurtinEA NorthumbrianH2O WaterWatchdog CIWEM EnvAgencyYNE SteffWSS Waterwise Ofwat AndynBrown16 flooduk AnglianWater Thames21 DouglasPilot TheFloodExpo JamesBevanEA TheBDMA,Flooding
17,st building historicengland house london buildings listed conservation c spab thecct home landmarktrust heritageopenday castle fantastic places thevicsoc churches htt,HistoricEngland heritagetrusts LandmarkTrust Heritage1st thevicsoc heritageatrisk SPAB1877 TheCCT PrincesRegen PeterAiers civic_voice IHBCtweet SAVEBrit LandmarkHistory PrincesFound sarajcrofts HE_Archive TheatresTrust HESEngineShed JonathanFoyle,Heritage
18,labcuk building awards labc home labcawards homes labcwarranty construction cbuilde tealliving design swiftclean housing congratulations pancreaticcanuk house london cpd excellence,labcuk Vanessa_LABC HomeAndBuild MichaelWadood labcnotts BasilParylo PlanningPortal EastMidsBC SussexBC Anna_labc President_LABC LABC_Warranty LeedsBControl LABCacoustics Heather1Jo DevonBuildingCP labcsw PresidentLDSA Swiftclean PCC_Build_Con,Building Control
19,pmot projectmanagement apm apmprojectmgmt change pmo projects agile stories training london apmweb job pmchat projchallenge tips prince programme managers skills,APMProjectMgmt HollieWoodard apmprogmsig PentacleTheVBS projchallenge apmwipmsig Therese_LW ccreweread ProjConExpo merv_pol jonathansnorman RPCUK 2020Business RobLeslieCarter APMEvents TeriOkoro lysam8 Trainingbytesiz DonnieMacNicol PMInstitute,Management
20,construction citbuk citb citbscotland apprenticeship apprentice skills goconstructuk training apprenticeships apprentices seddonltd careers employers wales scotland citbwales building awards students,CITB_Wales CITB_Scotland Dinkyhine TonyGCostello katiecoleCITB Kat_healey Concrete_Scot citbwest GeraldCrittle adeana_raper AledCITB LorraineR1964 michaellennox5 GillianAOCITB irenelangcitb DianneCITB Roy_Imeson RobWoodger Hevaroo skayllm,CITB & Skills
21,wales yn construction welsh y cardiff ar o congratulations m swansea cewales uwtsd awards students cymru nptcgroup glyndwruni morganstoneltd fantastic,CEWales MorganstoneLtd BITCCymru RICSWales MBodger AntoniaJohn325 accessincluded WynPrichard gareth_coastal AustinSmithLord MrsRJenko UWTSD NPTCGroup WGJohn SuttonCardiff DonnaGriffiths_ CyfleBuilding AsbriPlanning sophiehowe FMBCymru_Ifan,Wales
22,cities placemaking ppsplacemaking trump design brenttoderian housing de building w streets change cars places transit la spaces build communities nissan,BrentToderian FutureofPlaces 100ResCities urbancampaign ebkent PPS_Placemaking AklDesignChamp grescoe modacitylife NewUrbanism VelocityGroup CanUrbanism StrongTowns CityLab bruce_katz NewCitiesFound izurietavarea MarketUrbanism hborys Richard_Florida,New Urbanism
23,cibse energy building cibsewm engineering design london women buildings cibsejournal seminar construction engineers cibsewomen ashrae awards heat cibsehcnw cpd cibsesymposium,CIBSE CIBSEJournal CIBSEWM cibsehcnw CIBSEWomen CoESBD Sara_Kassam DMather4 AndyFord6 HL_Sust CIBSEYENLondon AE_HWU CIBSEyepg ashraenews CPLCambridge CIBSEYEN pompomsandtutus JairoAndresJ CHopfe CycloneEnergyGr,CIBSE
24,fm facman bifmawards workplace bifmuk thinkfm facilitiesmanagement facilities bifm ifma london fmworld facilitiesshow fmjtoday awards building worldfmday energy bifmnorth ifmnet,VINCIFMJosie Frankandbrown paulcarder Whitbags Look_Sharp IFMA davidifm iain_murray ifmnet debijrowland BIFM_UK briddj IntWorkplace ThinkFM DaveWilsonFM Martin_Read CIBSEFM PaulBagust BIFM_North Facilities_Show,Facilities Management
25,healthandsafety hse rospa ifsec home training childsafetyweek firefighters tips children firesafety london awards helpgbworkwell construction workers alarms asbestos fined ioshtweets,FDSafetyWeek ElecSafetyFirst FIREXIntl RoSPA BritSafe H_S_E SHPOnline CFOAfire IIRSM healthandsafety PRIMEsystems RoSPAWorkplace IFSEC CAPTcharity FireIndustry WestMidsFire CornwallFRS childsafetyweek dfoy2 BOHSworld,Health & Safety
26,london cityoflondon livery citylordmayor cityandlivery lord congratulations st marketors lordmayorsshow goldsmithsfair design treloars house fleur guildhall upminster gt fantastic eventprofs,citylordmayor GowmanAJ CityandLivery PlumbersCompany FurnitureMkrsCo GoldsmithsCo RogChadwick VRounding Plaisterers CoopersCompany Keithbottomley YoungFreemen Ts_and_Bs GardenLiveryCo IoDCity World_Traders WCMPC PaintersCompany GlassSeller alanododd,Livery Companies
