"","group","keywords"
"1","affordable","affordable affordablehousing affordability"
"2","architect","architecture architects architect architectsjrnal architectural architecturaljobs architectmark architectmag"
"3","bed","bed bedroom beds"
"4","bim","bim bimireland bimm bimsme bimstore bimcrunch bimacademy bimopenmic bimshowlive bimsummit bimgcs bimplus bimprospects bimsmeawards"
"5","build","building build buildings built builders builder"
"6","carbon and climate","carbon climatechange emissions climateaction resilience carbonbrief climategroup climateweek changeclimatechange climatehome citiesresearch resilient citiesclimate carbonbubble climatecentral carbonfix climateclg climatereality emission"
"7","CIBSE","cibse cibsewm cibsejournal cibseawards"
"8","CIH","cihhousing cih cihfutures cihcymru cihevents cihnw cihscotland cihtbc cihse cihsw cihpolicy cihne cihwestmidlands cihscot cihneconf ciheast"
"9","construction","construction standards contractors contractor"
"10","design","design designed designer designers designing"
"11","doors and windows","windows doors door window glazing glazingblogger doubleglazing glazed windownewsuk glasstimes windowsactive glassnewsmag windowwidgets glazeriteltd"
"12","eco","eco ecobuildnow ecobuild ecologicalbuild ecotec ecodistricts ecofit ecofys"
"13","economy","economy economic economies economics"
"14","efficiency","efficiency energyefficiency efficient energyefficient"
"15","electric","electricity electric electrical"
"16","energy","energy energystorage energyunion energyutilities energyeurope energyhour energyukcomms energydesk energylivenews energyinstitute"
"17","engineering","engineering engineers engineer"
"18","environment","environment environmental"
"19","flood","flood flooding floods floodaware floodmary floodandcoast floodre"
"20","floor","floor flooring"
"21","fuel","fuel fuels"
"22","gas","gas boiler gasmangod irbheating boilers gassaferegister gassafetyweek gassafepete gaskellmike carbonmonoxide gassafe gassafeglasgow gaschatgroup gaschattour gasboilersalton gassafety gasappuk"
"23","green","greenbuild greenbuilding greeninfrastructure greenhouse greendeal"
"24","heating","heating heat heatingconsult heatingcontrols heatingyourhome heater heaters"
"25","homeless","homelessness homeless homelessnessreductionbill"
"26","house","housing home house homes ukhousing housingday homesforbritain houses ukhousingfast homesforwales homeowners housingitguy housingcrisis housemarkltd housingjobs housingawards households housebuilding housetorent housingsubutcher housingfirst resourcehousing houseplanhelp ukhousingawards housingbill homeimprovement homesproperty housingwhitepaper household housingmagazine houseexchange housingex"
"27","infrastructure","infrastructure insidehousing"
"28","installer","installation installer installermag installed installers installersfirst installing installations installershow installersunion"
"29","insulation","insulation insulated"
"30","JRF","jrfuk jrfbrian jrf jrfuks"
"31","land","land landaid"
"32","landlord","landlords landlord landlordtweets landlordref landlordinshow nationalandlord landlordaction landlordzone landlordshow"
"33","natfed","natfednews natfeddavid natfedevents natfed natfenawards natfedkatie natfedclaire"
"34","neighbourhood","neighbourhood neighbourhoods neighbourhoodplanning"
"35","passivehouse","passivhaus passive passivehouse passivhaustrust passivehousebb passivhausnews passivelogical passiveacademy passivehousecal phplusmag phpp"
"36","plumbing","pbplumber plumbing bathroom bath plumbingac bathrooms pbmag plumbpal plumbpalproduct pbmmagazine phpi"
"37","poverty","poverty ukpoverty fuelpoverty"
"38","property","propertynews propertyweek propertyshe propertydanh propertyhour ukproperty propertywire"
"39","renewables","renewables renewable pv renewableenergy solarpv solarpowerport renewableuk solarenergy solarpowereu solarcentury solaraid solarimpulse solareditor renews"
"40","rent","rent tenants tenant rental rents rented renting tenancy renters tenancydeposits tenancies tenure"
"41","retrofit","renovation retrofit repairs repair replacement restoration replacing replaced retrofitawards"
"42","residential","residents residential residence"
"43","RIBA","riba ribaj ribaawards ribanorthwest ribalondon ribanortheast ribaarchitect ribasoutheast ribaeastmidland ribawestmids ribayorkshire ribanorth ribabookshops ribas ribacomps"
"44","RICS","ricsnews rics ricsawards ricseurope ricsmatrics ricschiefexec ricsapc ricsamericas ricssota ricswales ricsnorth ricsrecruit ricsscotland ricsfutures ricseastmids ricsresi ricssouth ricscpd ricsmodus"
"45","roof","roof roofing roofs rooflights roofingtoday roofers greenroofs roofingawards rooftophousing greenroof ukroofingawards rooflight roofer rooftop"
"46","skills","training skills apprenticeships apprenticeship apprentice apprentices citbuk citb citbscotland citbwales traintradeskills"
"47","smart","smart smartcities"
"48","surveying","surveying surveyors surveyor surveyingthefuture surveys"
"49","sustainability","sustainable sustainability"
"50","tax and benefits","benefits righttobuy bedroomtax"
"51","timber","timber wood timbercomposite wooden timberexpo woodawards"
"52","trades","tradestalk trades tradetalk tradesmen"
"53","","london change m brexit awards st congratulations fantastic job htt made eu women coming labour students ht w making todays centre jobs de h info looks details needs members services things using taking projects talking stories manchester cities friday gt bbc plans weeks k innovation trump seen guardian delighted excited x supporting email la govt june times programme children shows nhs congrats wales said makes england low trade c products john bristol events tips n prices david tickets tory ideas tech march sharing customers v issues budget scotland companies questions britain facebook businesses guys tories monday t mp leeds speaking d en months helping friends schools worlds co bn sunday room places cuts means update winners opportunities paris fab mps followers u pleased leaders communities re ff april un july b uks seeing needed ge ft talks shortlisted systems winning solutions lives europe photos theresa giving starting won goes saturday wow costs takes corbyn biggest families gtgt changes hours ways parliament gets y vaillantuk p based rights october √ workers londons results e kids liverpool o r scottish york pls trying announced china el commshero stunning ha transport missed celebrating fitshow youtube download views launched thoughts starts wants awesome mate click inspiring paul prize retweet calls calling offers amynettleton swhysall comes courses september went app launches enjoyed favourite nov saying seems webinar double careers men cpd g seminar tackle words nd experts told thursday birmingham asked agents countries challenges flat dementia investors deadline heard supported samchurchstile festival cliveomalley asifchoudry stylesplumbing tells wellbeing uklabour telegraph welfare rd called ianplumbing came met properties moving jeremy started alisoninman clients problems letting oct older glasgow bills completed november q cold sounds retail trees collaboration associations breaking parisagreement largest cars taken areas trumps tomemurtha tweets chat showing yorkshire wins edinburgh voted joining innovative mipim train reports fossil jeremycorbyn pr thehrplumber councils boris elrondburrell sept solidorltd india leamingtonsbc higher f discussing theciob forum monoxide nhf conservatives wednesday ireland published zero took plumber shared tools attending fracking plumbers tuesday feedback plymouthgas materials arts conservatory earth domestic charities reasons paid dezeen proptech sharedownership nickatkinhht pringlechris finished volunteers welsh watching spaces opens van helps newsletter dr showroom aluminium placeshapers voting hull weareresource scientists colleagues engagement drboilers lord petition gone consultation partners lyhalisap grid vietecheating lol fabulous added yrs girls boost l lettings asking minutes waynekirby mayoroflondon stem prhullltd ev colour fancy cheers explains worcesterbosch rates recruiting helped parents deskbuddyuk yr waiting socialhousing westminster le rules ventilation tomgoetz inspiration photography labours cardiff breeam prs fitted james policies michael joelresource voters rising ends giveaway sadiqkhan happening signed buyers estatesgazette del workplace worse labcuk ukgbc posted bondbryanbim comms conservation panels buytolet spirotechuk croydon briefing grenfell saw regeneration manifesto se nottingham ownership designs employers oxford offices chris mm warming thermal tpasawards revit ltd greater crisisuk inspired loved longer refugees leepeakheating google applications walls auction germany gives hvpmag points enjoying fascinating arrived creating innovateuk que updates feb speakers phexshow ones cc plumberparts pictures pledge listed loving buying registered africa sat pic andy asks august arctic betateach crossrail mobile reveals exclusive britains timmorton gsw womens tom fees ar offshore shortlist hosting biomass tpasengland airpollution alicewool cycling para reminder changed figures steeledamon peter lecture joined pics offering las sdgs baxiboilers ecominimalnick selling autumn levels referendum featuring tonights worldskillsuk vacancy networking raised tiles theresamay sent closes highlights leaving governments historicengland hq received los paulbromford approved ratechhotun visiting featured disabled brighton fe mentalhealth raising theatre inequality george cnplus sold autodesk haha johnson tackling risks landscape revealed putting amandaclack rtpiplanners thenfrc weratoolsuk finalists royal entries gov required richard gardens s books campaigning wanted al finds spent cameron m√ csr linkedin a iceengineers chcymru january hpmmag bbcnews earlier ldf adeypro teams targets reporting sessions simplicitly presenting cambridge steve sheffield ychscarboro features academy closed closing models cre communityenergy equality thegreenparty gw yn ed thread rdmills peoples riversideuk ppl safetysuperhero professionals donald inspirational realestate aj nyc released deals derby deantorris groups dec mt ukbimcrew cornwall france titanheat pmqs steps carolinelucas worst created markets driving luxury subutcher deccgovuk comments artists keeping trends tim nick hub cohousing consumers thousands listening deposit sponsored farmers doitlikedenbo interior composite savills smith bespoke kgilly states biz victims leicester vehicles donate xmas slate playing hands skillsshow heading missing thames fm ukip civic walking ian pavilion numbers excellence eg jurajmikurcik instagram checked impacts easter vacancies unfccc nlalondon stridetreglown worked castle goals ministers claims contracts developers plumbcenteruk continues radiator bdonline jan smailesben announces images sponsor citaltd naw supplier warns diy fernox ciphe led warranty universalcredit holding mays comp options worldgbc inc et interiordesign lfarchitecture bitznpcz hcauk wildlife con rhi america fans alphatec essex sports bringing plants mins tonystacey brochure lfa happened drsimevans gorgeous citizens guardianhousing becoming radiators till banks followed fingers manufacturers parks londoners hopefully updated halloween baxi haltonhousing millions waterproofing shame newcastle btl totalplumbinguk caseyrutland womeninhousing langleyheating rehauwindows carers matters booked por kent fridayfeeling commschat idealheating samsiangas thephilpster chapsheating commons december heidithompson activities facts streets atagheating volunteering feweek petebond expected fitting cladding resources delivering freebiefriday written hvac affected bbcradio austerity conservatories funds viessmannuk tried newyddhousing investing reddyplumbing sleeping appreciated lgbt dwp cleanenergy upvc alarm ciob planners yestohomes kit grahammerchant tai organisation startup devolution rally lowcarbon mw glowwormclub bmfmerchants nfaalmos australia happens iot kenperry recycling refurbishment epa schemes california thebm prof iea envagency votes sika jlluk bsl thenbs worcester heatingbarrett pump toolfair firms gave voluntary simon amazon developments actonclimate labourdoorstep sites childrens flats digiconweek vaillant nickresource shares tpasjenny tate vat cnawards grey elliotresource neil bifold deserved ofgem providing exploring regen thetcpa committed podcast looked mcdermottwindow benderbyshire tweeting turned plz garethwheating subsidies newchartergroup tune whilst vr filter xx officers concerns forests ikoplc experienced vanda ai theipha boys tesfenews merchants canada fensa thx sunny diesel jgspeedfit nominated lane organisations dcw rtpiscotland rlanews nfa parts archdaily tesla writes kings ipcc amen nights wrote alex chelsea homelesslink spectuswindows certified talented es blueprint atlasroofjohn toilet ultionlock openhouselondon naphn airtightness bbcrtoday stirlingprize thecccuk savings regards plusdane blindsinglass eyes sdg underway edie ben loads julesbirch smithsepuk livingwage lords stewartgh til wolfgangfeist bought opened nominate aged mondaymotivation brings planned poisoning named behaviour worldskills hoping nw launching flush apologies curogroup nixy socialcare bigwipes conf drinks kevinwwulvern turning crossed ollywainwright archreview businessgreen pa practices rcimag appliances arrears startsathome pro nxon mvhr workshops adclarkie harryaskham theiet homegroup nigelgrantupvc katede sponsors held johnhealeymp wih smes faces paulrhull architypeuk suppliers insights defragovuk georgemonbiot andrew inclusive eepaul chinas politicians guidance gb asb ambition supplies ph thrilled zaha combi stephen arch bmf paving checkatrade matt sarah miles jo brands efforts icymi evoqueheating telling greens womenoffuture agreed incommunitiesha ambitious jamesbg socent exhibiting colleges joryanac decc cdp bid bigwindowfitter eusew watersafeuk stats theregendagroup ii facing fcbstudios thurs bregroup accommodation lucyferman studies portfolio lha cafe les solidor vivasanitary extended merchant brick outstanding signs plumbaseuk wienerbergeruk joesarling dublin tomorrows bigbangfair controls d√ begins emerging bloody davidpipecih morrishgp gmb greenbiz sofiepelsmakers tfl hurricane thesolartrade died venue wishyorkhumber turns aphcuk gemhousing borough charles rightmove northernpowerhouse adaptation ccs easier hydro conveyancing noon heathrow elected sponsoring teamuk knightfrank ons creativity willmottdixon hiring dash hunt tony games wimbledon americans hs providers au oak cathedral regulations puerto vouchers sets jonathonhallam drossiter tbim qualifications sq associates xxx ssoanews spab awarded seeking houltelly tesco cwgc visited safeagent ongouk hinkley clearviewmag welcoming martin cdw handy nhawards rgemag spare fri cipruk juliaunwin hr nations djhreed aecbnet victorian reception experiences ultraframe jll yep cpc chester pub slhjulie flue knightstoneha livingwageuk alert superb judging arlauk sadly obama nhffinance ralpharcdox globalgoals salford barbaraspicer muirgroupha nicktune dates farming robert talklandscape employees bpec proposals orbitgroup provides fmbuilders colours michreid lee bre officially citabimgroup sunshine parties rtb f√ technologies announcement ampm aec upcoming circulareconomy selfbuild archcentre healthcare simmondsmills packed markimark bromford henrypryor onthisday peteapps wes cosywarmplumber singleply ncfc builduk eucommission totalsite liccleem memorial stars bizitalk hacthousing tapmedic brewatford infographic roadshow johnpopham ageing alphatecheating candidates rtpi voucher estates sorted mayors japan procurement february fleet midlands redland htadesignllp interiors geobusinessshow jabgasandheat lessons bradford scotlands daleyplumbing uni osborne cnspecialists ggpmag san jobman ladder knew thermostat mentoring aug coventry dgcos lt vekaplc ukbimalliance valve jamesm knaufuk quiz lights zoopla stvrav tampcs leed parrandevans ace barbournews purplexuk furmadamadam venice folks stirling yhousing hiawards chicago guardianeco prefixsystems utilities directory exec wishgb stylish thecct paulhackett alukgb ggf designmuseum communications reallifereform sash truemanslimited originbifolds strongerin eve fundraising mexico terriealafatcih ageingbetter greenpeace institute benadamsmith resi known scott evs cityam worcestermatt gavinbarwellmp objects financing summary towns ciobmf users cityoflondon cymorthcymru fensawindows brought placenorthwest theplannerrtpi des womeninbim ken sculpture marine victoria solveukpoverty orangeries thefabians exportingisgreat nhfcomms thinkbim certification greenallianceuk llamauuk patio apartments branches hosted shelterscotland justlandlords localgov reducing studios newtonfund includes listertf ifc mike royalacademy queen hidden socialmedia labc lhthousing opencityorg fixed mollymep hdnuk utilityweek communitiesuk unep archfoundation eauk fabricators katefaulkner lancashire teachers maths ayr feels offshorewind londonmarathon loneliness stbauk usgbc mhshomes mearsgroup emerald killed jane showers scrutiny ukti mramarketing harvey liquidation ceyh decisions arclarke gop deaths forced bushbell licensing serviced clay rico wythenshawe delicious forestry wwf naphninfo films lighting qampa bdpcom wipsw improvements becdecicco nickduxbury alarms wwwfoecouk leeroyb di drawings pen trafford ukphc governance finalist supports urgent northwestbifold bmerchantsnews ifma knightsinwhites showcase coastalhousing web selected growninbritain hadid sfhahq dave spotted getingofar impressed planner charging hseparty prevention salesaster unilever wisepc ww votesat waltonplumb cwnyc londongas chartered reviews gawards lyhatweets archive struggling wmbtweets frames snipefandy leohickman telefinance geraldinehowley pmot berneslaihomes hipmagazine stopcocks poster adecapon phoenixtogether cnsummit pens cracking bbcqt classofyourown lines memories dedicated flying alan eames fpsexpo researchers usa worcestershirehour comit peterwalt petitawiles pipes mum virtual gordonpataccent greenpeaceuk jldplumbing sliding earthhour decking iconic otd khan wythenshawechg discount felt hawkinsbrown chancellor r√ ufh fempreneurhour reuters examples farms jonbartley j rivers merry valuation labcawards shauntymon partnerships nytimes landmarktrust realdonaldtrump oceans vicrayner interactive bciawards premier vancouver ctawards jones cutting highest yii tile pgsmurray astralplumbing pigs cdwfestival liked una cylinder ealing louispatkins bs supportingpeoplewales bi introducing campbelltickel russia videos grohe keirstarmer oftec passionate fittings sikasarnafiluk leads magnaclean joins pambhandal cityplumbinguk appointed adam colinwiles heritagelottery magic elections ukfechat dan judges araheatinggas marks nationalcleanairday values lewis onshore estateagent pvcu cheaper welfareweekly inclusivegrowth foster waitey cmya mecanoo dclg bruteforceblog rts gonna iphc gmartinplumbing leak sam neilbim bay irvconstruction samarmstead angelarayner mcrmipim pumps measures underfloor weavervale preview keynote entered lpg waf wef refrigeration blocks camden itsbimupnorth andyboutle innovate invited coombeseveritt prizes ggfi scfc alongside rip clarkrob workforce cfgtweets resianalyst microsoft aims designlondon richardblyth servicing longterm foa owners wishing checks entrepreneurs stamp communityledhousing cobie viewing riversideian enerphit fb improving forces atlas marossefcovic recruitment backing wonkcomms nomoreply borisorbitgroup roles alonlineni natalieben proudtenant amicushorizon muir returns nigelpdavies solidarity createstreets collaborative csociety picked visits plumbershour andywilliamslht pipeline carolinetorus laws phex fenestration wilouk eciuuk womensart guests sheds sineadbaspire newslandlords uc failed aclasspande dbrayarchi tours ggfnews speyejoe foursevenfive shale snipefnews facman aocinfo stations festive tribute passed frank inclusion robertresource ccities queens copper delivered livinroof courtesy moversshakersuk learned numbergov joint thomas euref speaks firedoorsafetyweek gresb interservenews bba sashadeepwell fenton fixingisthegame hundreds degreesnetwork katedaviesnhht westking guardiansustbiz suggests ingmedia tpas swap demolition goconstructuk kicks shops stuadams helreynolds quotes ncfcareforum ptearchitects shocking syria mortgages pancreaticcanuk robwarm janeduncanpriba bristangroup kingscrossnc placechat sadiq ahmmarchitects thecassart incl booking advisor russellcurtis mygreatplace norfolk brutalhouse clientearth confirms sources roman exeter mini maceuropa markwarren uwheadlines hetas lunchtime modernist swansea borisjworrall relaytotherally loft bold citylordmayor corinespirotech fold monthly costain valves michellegregg doorstopdoors swannamanda markitecture aztecwindows hee geberituk apc chosen hca heritageopenday hvnewsawards aecb qualified ish supplied ur cgapreston msageplumbing fischer stephenbrown structural jenkins managing derngate registration worldbank andrewoverman lovesurveying womeninstem gqaquals jonashworth protected danish falling hmo lloydalter breconf syorksha airtight fraud kevinhousing export iamgmg signing constituency infusionandy williamsco accentgroupltd breacademy ultrasky paulshamplina ippr pimlicoplumbers pledges bisgovuk managers angelabradyriba jjcaspell whitepaper wcobm bristols irena scottbrownrigg productivity import gatesheadcoll reassociation presents kw malg votelabour oecd threats rinnai curator angelanshg taps charliesvha compliant nypassivehouse beisgovuk designjunction mliebreich spra screwfix brandonlewis gdp tariff churches s√ slates digicatapult modernslavery exhibitions brownfield cbuilde cheshire edielive irma viessmann included chimney poplarharca brexitcentral logictraining museums localitynews potus oldham peoplesbiz knhkirklees mixed cooling cfigueres cita emilygosden labourlordsuk oatfedgoat viridianhsg donations serpentineuk tomorrowseng sheltered giesenjohn tbif sovereignha wwha hashtag yle rinnaiuk mipimuk towers sohahousing aceupdates merger paying pipesnug autism asia becomes beginbim themsa hardware planningmag rated attended iccwbo liniarprofiles nec nicklinford bbpuk indieretail kate philippajones clubpeloton nasrinfazal seuk thevicsoc teweek hse berlin fayegreavescih orangery carequalitycomm epsrc franchise nhc greenskythinking namgrass challenging trufit nerradtools ptarchitecture spares swindon thebmbi worldwide wgbw bbsrc dawnhfoster macdonald william sajidjavid thewindowoutlet nest yomdel pbctoday intergasheating jacqueallen missecopland abigailspaul britprop lego jonland moved warnings filed ukerchq commspoint stephenhamilnbs antonioguterres facade mep lewisham agm welfarereform fsc collabgrp stelrad wishnw idealstandarduk nationalmerch londonnpc jasbar buildingdesign virtuarch northerncollege esrc esg investments markjsiddall carolinechappy promoting ukcw pilkingtonhale retweets medal fintech gbridgeford synsealtweet londonlive tpascymru stadium interserve adults alzheimerssoc ryder hpsmerchant keepitintheground waspi draytonheating reliable cretech archbensoc gingerbread mentions smiths delegates keen ktnuk labcwarranty rcishow arquitectura proflush ho ngoodrichhsg selfcertify katieschmuecker owenjones giggsy milan selfie architonic entschwindet eurocellplc du goodyerdave liquid pcm mamps republicans bugle erp naturalcapital heroesofheat fixings parsonswhittley orgs goodies pas wipuk appliance cexcellenceyh bifolds burgessalmon explores highburycollege sciencemuseum deposits neilgiller noblefrancis ukha graphic vfm facilities wildwestwednesday livery mindmap starter taipawb futurecitiescat mon buildupon bentleysystems dementiafriends req unequaledheatin compact confirmed hackney tftconsultants bigissue futerra urbanism americas creates forumthefuture hsg raengnews morganstoneltd reynaerslimited eubuildup visitors gloucester nalscheme sketch studley ladies charteredices gbcsa wandleha decent agriculture ng moore tues aviation pindertim asbpuk hepo contourhomes gardening seedandbean symphonyhousing catching patiomaster cinema joemartoccia mauricekilbride phamnews eviecopland elitis michaelemann installs km rob wbcsd carehomes epdm hvmcatapult engaging lending lordsqs sigroofing biennale boards bonn hughpearman natcap reported bc donation paintings bregsblog redditch iconeye mira welshgovernment gogreenbristol velux ciobwales thefloodexpo designboom thejrht homesealwindows trillion cofgcollege kfiskplumbing bigger membrane endurancedoors heroes pruitt talktrafford wehelpyougrow commnrg turnout studiobim rogers lads markelton arcdox brutalism funded lantern links timbmet iet imeche learners hhic lilacleeds cobuilderuk leedscommhomes nationalcareers socmediamayhem storify alumascwms blogs brave spectrumhousing thomasforth tomdyckhoff legacywindows stuartchc jllukresi tpasconf teenagecancer faulknerbrowns norwichlanes estateappsuk theaspiregroup brutalconcrete landscaping bifolding careerent regensw tobermore ukrunchat artwork insightdata silikaltd therealnikross galltrybim hanover helen universalarches messages neighbours biodiversity kirkdemocracy worldarchfest roy engaged federation bosch swishwindows buildshow logic gtgtgt nfrc molearchitects texas placemaking ridgeons villa marksandspencer thy indigenous modelling greenflagaward knows hvnplus plumb propindeye misted togetherhousing feantsa gmhousing laraoyedele drepo trusselltrust hetasuk helptobuy inventory boltonathome lukecross gemstockdale sneak accounts lisanandy rightmoveaddict recognised unga cartridge sse discusses mytradetv recognise ch mrtimdunn manc mattleach vaillantrob thegrumpygasman nominations managed pier carnegieuktrust cathslessor realise uwearch icebim mercuryglazing vikkimackhht evolveldn thesocbiz aircon autumnstatement bristolcouncil lbccsailing meetings learnworkuk missycmiller proclima colegsirgar popup ecclesiastical natcapcoalition nationalgriduk trufitit helenbarnard stuck emmareynoldsmp payments originhousing grants rtpilondon carlsberg slawrencetrust garyhaynes heritagetrusts riversidecarol bromfordlab edwinheathcote cathy vetopropac labourpress owenhatherley dorianbelvoir envagencynw firsttimebuyer johncurtinea serpentine colegmenai supporters aldersgategrp nhmfofficial bandkbuild cumbria mile tanks commonsecc wolverhampton dockyardchatham scotlandbuild sedexcsr marketingderby woodwindowall gbcaus emma fixflo roryolcayto answers icsceurope newport wfp mcsuk bfrc intphc nationalparkcity twwets glenigan risingstarscih tealliving wee firsttime discussions emmamaier photographs progresshg cleanairlondon olevgovuk westkent protecting hansgrohe melaniereescih rotherham units brutalist robgarvey fizz mikebloomberg olds affinitysutton billbutch cymru visionldn wsppbuk architizer ciw saellard thinksmiths dpcarrington palace spiritland casa lawrence amy eurelectric sbhglondon aocconf loveconstruction biggreenweek daniel marleyeternit oliverheath players thinks winitwednesday londonassembly uses cushwakeuk cylinders michaellondonsf authorities madifundraising quoted p√ basementconversion preparing meters bully jeremyleggett andywilliamso ma archifringe ukunnewyork champions pieces unveils sending stemettes stopbrexit honeywell specification cef justin matrics symposium theatres infolyha competitions moedas yay victordacunha dropin duncanarchitect fernando anthracite cushwake eating gehousing hartactionlab clerkenwell faster stmungos accessible riverside liquidplastics yesterdays mirashowers macegroup unveiled gmfundraising barnsley coordinator skyscraper veka kevinjfielding carlbrownih hb interfaceinc plumbcbp sharika ty swiftclean cemexuk ending pcsgworld resievent adamvaughanuk jonlbah wwfuk caught ciribini chunkymark idealpro unsc vampa feeneyplumbing grenfelltower copenhagen praseg sustainbrands tomravenscroft aksahomes atag halfonharlowmp barbicancentre dc johnad trustforlondon futures wgcscommunity pilkington tregolwyn irishbuildingol korea jaynehilditch physics thermostatic citylit ethexuk shaunf cislcambridge padstudiouk plymouth viridiansolar crystal demos excelasstandard meant architecturesw philcoffey greensky icbuk mydeposits thermostats cab scotlandstowns lcbbuilding drummondchs fires hebdentownhall mygrantuk genuinely qeprize ages estateagents guggenheim walkabout webuild actions cpaguk drnelsono foreignoffice indias bentleyuki dannywright jjhousingtrust newsfeed sons djkx sianberry adoption bundle youngleaders ne nearlylegal spoke savebrit susty thamesvalleyha triple ashrae uwebristol deforestation livingwageweek powerflush mckinlaycalum teamtht experttradesmen hiv scenes types filming geobiz cemetery organised joetrueman bacon bolton sciencetargets andyheald bbcradiolondon chapel nercscience nhmfconference nzeb adamchallis assets fabricator allowance scapegroup labourlist shortage si completion reforms indoor parkrun sharedassets nmbs italy npl keepbritaintidy productive vokeratrade woodlandtrust dsdha greenregister pennyg salixhomes blinds mirrorpolitics wearing kemetfm wallpapermag autodeskrevit bangladesh martinhilditch thelowcvp xtremedoor davelockerman sarnafil unvented beckieplusdane fosterpartners highlighting tomorrowspaperstoday competentroofer nrdc nwed played cards homesevent leoniegreene basin subsidy receiving denhollingworth gsmithscentre cntomfitz honour marathon ashden nbs sharonhodgsonmp hannahfearn thewisecampaign achieved fdsafetyweek patrickjbutler straw gmchamber modernism civicvoice georgefergusonx realpeopletruestories rebecca sarahboast monhousing disclosure dugganmorrisarc salamanderpumps unite gazette marvinjrees rogue samjacob catherinesoha drought rla andyburnhammp ey ibristolpeople kantrellk pvc forestsandwood tes admin rugby itnproductions bshf hertfordglass keepmoatgroup turnertownsend hfs sikalimited donated ebcsmes itll washyefc foodbank outcomes sbcpt mottmacdonald ihbctweet northstarhg bnppreuk hong presidents scarborough dougparr pension chrisgoulden morris deco allthingsic andynjohnson losing townplanninginfo weds sunampltd supportedhousing bpa ca basnews cmnewsandviews graduates l√ alixriverside wishes asap ghg kimoon damianwild stockport grnbz ameliawomack borderbiscuits demo labourhistory wondering cynontafhousing underground botched khansahil borntobuilduk carocomms gregcampbell opendoorsweek drain holidays notthejonbarnes pierstaylor sentinelhq tbt walsallwhg zpp globally hrs younggreenparty moathomes prepared wider andrewmichler jonnelledge markghenderson washington eauknetworking boltonuni jamrat lshtweets uponoruk ideaaward melinhomes somersethouse torture watched conversations diary nasa testo rharrabin krispykremeuk uwl annum onthemarket completes meets arla lfc waspicampaign biglocal pespinosac davidcameron saved dulwichgallery fontsunday breravenscraig drilling katrinaearl masterplan compositedoor lucy britishdesign uklandlords faro pefc thelighthouse caused peek matthewrycroft percent pipework cape sgthompsonbim celebrates gordonmarsden goultralow henergy aia edmiliband ifs phinharper batteries kicking williams cakes lesliechannon whqmag womanthologyuk experiencing familymosaic nfaconf ctitimber michelledonelan norman rubbish sciencegrrl thankyou tho kamcopf vineshpomal internormuk ultion vienna andrewscottgb britishlandplc renegadeguy vokera der jeffs journalism aocsportcomps barcelona bbq gpconf askarch bentley cllr min teamea caring charter laser themtcorg antonyslumbers brussels frucool hqnltd mackintosh overheating sf airquality britishmuseum upad walkergallery georgemokhtar nwhousingcamp philanthropy wolveshomes claireainsley kingstongas biophilicdesign cornwallcollege curated grist hepworthgallery promotion futureshg ordinarycharles dutch merseyside ncpontefract richardblack ristori roseviewwindows temperatures patients saudi henry amsterdam populous stevelcrmayor ooh pitched provided nhfit queries flueshoe decades powerhouse saralivadeas farrellslondon switching tiling catapultuk connectinevents helpmebuildit yo ackempo activists equityhousing iidex peopleinglazing whurst astergroupuk revolatest bliving disasters garethtwmthomas lloyd bin sydney cgiuknews fmb rads unisontweets wearetorus wetroom paulsurin chellekbutler guyshrubsole internalcomms towel kong mapei barrygardiner colinjackson floating toxic speedfit conditions snipef referencing hits sectors andyorrey greenspace harrogate englishheritage complaints alumtradesupply lowcvp skyline levy dogs neaukcharity qpw aluncairns gwynnemp mentioned findings orr worldskillsad mo wright aya prefab rises jameshresource ply voices worldplumbingday cylinderltd mining allowed didyouknow groundworklon hmrc parttimejobs swannplumbing tokyo bgreencapital log multipleneeds aylesbury nicks nolettinggo thou blueprintmag cgsltd finzelsreach gcse scothousingnews tidal circular pmpm trans wk futurefuels infraintel citywesthousing islands revitspace jondaley mary campbellrobb davey taffhousing mdkine aianational rkyte smaller stonewalluk transparency rehau vistapanelsltd creativebridge da failing barbican bedford buildtorent jrarchitects parliamentary portland snp tag wbef pacific mgp newwavedoors edward floraarchitect jwheating inwed screening keylitetweets presented wepuk citizensadvice planitpres priorities rhoneyjones stockporthomes fredmills gove scanning bigdata defence lowcarbonhub utilityweeklive channelnews hydehousing racheljbell tomlondon worthing cad gin mapping reddit rooms jnicholsongas theedtuk gdkplumbing jewellery tico backclimateaction unesco alcester bosworthglass gem powerflushing hightown aristonuk cifireland nottinghillhg planamikebarry primaryengineer coaching jablite kevin waynemcgregor grateful svha bbcwalesnews calendar icsc jfplastics julie spectacular dangers slateroof humanitarian upgrade mikegalsworthy northwooduk theifs ayawards galleries midlandheart wayrauk powers runkeeper bbcbreakfast bondbryan rep turner cgi drmmarchitects fringe modernisation cleaning greensports beautifully claimants encraftuk gavinsmartcih accredited agi julieddrill reached lhacap maggieshannonn unido grindrod supportthewalk celebrations wmhousing ceos croftongas testolimited etfoundation hastingspier preston weezybop bristoluni johnplumbing rethink sixtownhousing slhhomes adc iwillcampaign nenglandbuild fed kiergroup arupgroup dawnbutlerbrent geetananda jessphillips opendoors womeninarchitecture improved penniconnectin chrishallamlaw jaideepprabhu sees lisa redevelopment rupahuq buildingcentre iwd ra paddygray abb aecom diem gvaviews thisiscivilengineering aloksharmardg testittuesday gmbunion sehbac shoreditch hurricanes udlondon connected cv katetcpa mindcharity nz tallest moisture welshslateltd citys emails nationallottery relationships basement leasehold stopped supplychain worrying edf emmalewellbuck fennews timetochange ahrcpress encouraging clt lowcarbonsw yourhousing autocad johnawade nigel scrt cheryltracy ciobeasteng funder rshparchitects opera startups bp johnrentoul showthelove btec jarvisplumbing samanthamcclary comobileit considering royalsociety ethical scaffolding su yvettecoopermp officials scientistseu humanspaces sundaegirl fined flexibleworking jonathan norwich spacegrouprob wirral amberruddmp barnetsouthgate capstickssh centreforlondon euenergyweek centrealttech checkproperty hatcherdavid ihchat projectbookmembers terrace bartlettarchucl items curo francis paulawbah rps whichtraders accelerate bme clanmilhousing electoral loans networks aklettner bizdebate gfk grimshawarch recipro bennettsassocs icym learninghousing mooseallain ngoodrich scottishhousingday unitedwelsh joe yam alison futurecities michaelteal presentations trending worldskillsukw carolineflintmp princesregen sentinelha tomwatson anchortrust non unitedlivinggrp causes connecthousing cycletomipim decinschools interfaceuk jon nasevent derbyuni lukeperry sep cdknetwork honoured towerhamletsnow diysos helenapartnersh drivers puragroup rhpuk belfast fawcettsociety fstoppers nickluscombe sitrapolicy unepfi collections defra openbim transportgovuk buildingsmartuk starlightuk broadband documentary jeremytill ashdenawards commitments goldsmithsfair tcmurray attacks denmark singing maria thebodycoach archiboolive icheme rainwater stigma vintage writers jonnie logistics londonisopen pegleryorkshire traceylees bob charityworksuk durham florida gardenbridge opendoorswknd presentcorrect edinburghcoll gmmayor lancstrade listedproperty antisocial wakefield ysoya dickkingsmith karen makers rowanmoore totallythames ambassadors suite lborouniversity modular somerset midnight mould veluxgbi canphiwest hvnawards max votegreen ceresnews peterwarm wildfires acesupported hullcollegegrp usociety proinstaller stokecity thhomes automatically endangered jack nomorepotholes thamesreach dickies slhgroup suzannahnichol bandofbuilders economiamag gm humans lib puts bifmwifm chrome santa methane mixer ruralhousing arperspa eviction pidginperfect pupils randydeutsch structures inklingllp labiennale masterclass percentisnotenough danjarvismp est maxfordhamllp nfu staying debbieabrahams pal swimming v√ bifmuk cliomahouse facilitiesmanagement shalt davezuk elliswoodman smmt bmabathrooms bobblackmanmp medieval dezeenjobs dubai endhomelessness landmark levittbernstein newhomes regalead powellds rhchelsea spain subscribe dealing juliewongo coldbeanz extinction sw zehnderpassive lindsayfelstead northwardsmcr blocked defences names rewards unemployment dutemannuk geberit gftomlinson woodland chairs danielbentley davidwinsper organising sedex southampton awardwinning ladybasildon placesforpeople railway cambridgeeng heads singapore williamslivia forbes paulwdiggory cdplumbin dekkowindows developer gr momentum ibiawards labourlewis orders emmalindley hastings melbourne achievements oniropolis ncvo terry volunteersweek brutal decided shirleyayres skynews technician oldhamcollege seats carlcta cnn fotofacade migrants rollout gary kaneanalysers reglazeit vans fitter pensions bishmanchester harrypaticas laura nfutweets bitcoin collaboutloud connectwith croydonairport hotpixuk iko follows gregbarkermp sobre theneg communityowned firesafety madrid peabodyldn reckon checking greenstar londonyimby related commonseac investorshow makevotesmatter guardiancities nyph skillsforcare techlondonadv thenhguk yemen justsuper nominees transformed deserves donating exxon icon olympics revo kenloachsixteen altecnic constituents dancing expertcitizens picks bbcmarkeaston centres feat shedkm tenanttax casement fluxuatortool tobylloyd whoseshoes biscuits youngscot incomes lifechangestrst teleproperty fareshareuk reciprocity hlfsupported incgrowth achieving cem sur arper cardiffuni caroline lizcooknewman optima reduced scary csjthinktank cullinanstudio housings lettingagents mlawrencejourno treehugger emilythornberry lgbtqi richonlyinname elearning epic nce suds wulvern explorewellcome lionheartrics lucianaberger pensioners sterlinggas weird forgotten newbury turbines matthew wireless foodbanks imports runners staircase bsuccar cottage designcurial equityxdesign healthandsafety implementation midlandsengine polling andrewvandoorn became radiangroup drill effects fo nescot nsccspecialists surbiton leadertogether minimum petersglen toronto blockchain elpinchbeck geospatial jolyonmaugham chestertweets genius hamper thenextchapter eusciencehub explaining shanghai heritagengos princesfound apmweb buddy plumbexpo standardnews brill campaigns gym lived mrasingh owen stands stpaulslondon womencollege budgets detectors hancocknbrown mcr specflue brufma thetimes worldhabitatawards bags bevanfoundation blackpoolsixth expo hearchive justinmadders teammarketing thenextweb cases devon offered rachaelswindon sitting julienicholas montepaulsen posts strawbale behalf lizschofieldmay mancitycouncil miami prince rohingya zerowasteweek britwoodfed mynwrc princestrust provoking stephentwigg sunset billmckibben suehayman yorkpress daisyfroud jenthedecorator oilfiredup buildinglife coffeyarch escapebathrooms imfuna pilkingtonuk cn implications quals shots yusofabdullah bouyguesuk childcare trusts communityled fake happiness topconpid flexible univofstandrews ymca demandresponse interviews irishbimcrew rio farrell trowers wera wspuk nurses clinton keithedwards placement competitors learnt mennewsdesk rachelreevesmp minecraft redress sarahrocklaw taster louise mollybristol municipaldreams charges coastal raewatson claire covering gig ipad labourinforbritain sb jamestickell latejunction leaderboard mapeiukltd mcaleerrushe carpet conhome countdown fox thatbimthing houston iphone londonatmipim maearchitects phil runforhomes ukcohousing acenational felicityaster ghdebate cnet islington swccollege worldmeatfreeday locality ovotob vertical applied dprinting ehsmith enel guildhall marycreaghmp programmes bees jesticowhiles clever nulc skinnock stocked crouchendtiger howarthtimber robots serauk bmjnet cleanenergyeu journalists sjnews catherinewest comshares novus outdoor svpol battersea wanting bestcompanies entering hps ioicnews kenya promises rachel skillbuilderuk stainedglass uswitchtech covered maps mies prints amongst cmbimplus makitauk australian axor bullying vi hospitality shakespearelives zhanews educationgovuk ekbbusiness ex innesengland kykloud mears sunderland wanawards wearestillin conditioning elexshow ggp stove equity fortisliving hods macmillancancer accent communityland lakesmere martinhoscik philip tadd alicejanesmith animals commended forms kept lumleyestates plancon bloombergnef leaking marketors zar cobcollege europes harassment lbfew plugin ward leaves lenders carolinerussell postbrexit vp classes eric londonmetuni moanews resfoundation huwogmore loves newcollswindon curtinsconsult councilhomechat dyk greenwich tidy alisonmcgovern aqualisashowers chicollege euets jonathanleake spendingreview turbine fitters lad lgalabour milesking urbanage funpalaces robin katie knauf rspb tamsinstirling wolvesraces astwoodbank density flex inspection kohler records retech trainee walsall antisemitism antznetwork collecting guttering org ych carehome futurecity homeadore posters saveourocean gilliandarley leaks ni ny plumbase pr√ jtjohnftaylor milahardwareuk andrealeadsom kdnavienuk knightdavid packs powered privatisation remains scotgovplanning cute peston spoken themrc audit greatormondst aocsport papers flushing icelondon lime mailonline solo abandoned rias taylor treasury bbcarts decarbonisation esp footprint informative plumbershaun slavery thersaorg timfrier unions blanchford childleeds kbbdaily blueprintcbre brixton joelrpetrie plana sailing whoop airbnb ct eastlondongroup homeqm slating"
