keyName,count,type,group
affordable,42424,keyword,affordable
affordablehousing,1693,keyword,affordable
affordability,1493,keyword,affordable
architecture,133684,keyword,architect
architects,66796,keyword,architect
architect,28879,keyword,architect
architectsjrnal,22079,keyword,architect
architectural,18161,keyword,architect
architecturaljobs,1984,keyword,architect
architectmark,1102,keyword,architect
architectmag,1059,keyword,architect
bed,20339,keyword,bed
bedroom,9832,keyword,bed
beds,1026,keyword,bed
bim,112402,keyword,bim
bimireland,3430,keyword,bim
bimm,3041,keyword,bim
bimsme,2762,keyword,bim
bimstore,2660,keyword,bim
bimcrunch,2251,keyword,bim
bimacademy,2077,keyword,bim
bimopenmic,1848,keyword,bim
bimshowlive,1735,keyword,bim
bimsummit,1734,keyword,bim
bimgcs,1622,keyword,bim
bimplus,1547,keyword,bim
bimprospects,1473,keyword,bim
bimsmeawards,1033,keyword,bim
building,216428,keyword,build
build,88623,keyword,build
buildings,67771,keyword,build
built,40350,keyword,build
builders,12636,keyword,build
builder,2488,keyword,build
carbon,75306,keyword,carbon and climate
climatechange,43454,keyword,carbon and climate
emissions,31399,keyword,carbon and climate
climateaction,9906,keyword,carbon and climate
resilience,7393,keyword,carbon and climate
carbonbrief,5814,keyword,carbon and climate
climategroup,2675,keyword,carbon and climate
climateweek,2050,keyword,carbon and climate
changeclimatechange,1660,keyword,carbon and climate
climatehome,1415,keyword,carbon and climate
citiesresearch,1351,keyword,carbon and climate
resilient,1313,keyword,carbon and climate
citiesclimate,1207,keyword,carbon and climate
carbonbubble,1202,keyword,carbon and climate
climatecentral,1140,keyword,carbon and climate
carbonfix,1061,keyword,carbon and climate
climateclg,1052,keyword,carbon and climate
climatereality,1047,keyword,carbon and climate
emission,1030,keyword,carbon and climate
cibse,13231,keyword,CIBSE
cibsewm,1691,keyword,CIBSE
cibsejournal,1683,keyword,CIBSE
cibseawards,1492,keyword,CIBSE
cihhousing,42637,keyword,CIH
cih,8988,keyword,CIH
cihfutures,6733,keyword,CIH
cihcymru,5608,keyword,CIH
cihevents,4798,keyword,CIH
cihnw,3810,keyword,CIH
cihscotland,3312,keyword,CIH
cihtbc,2401,keyword,CIH
cihse,1782,keyword,CIH
cihsw,1565,keyword,CIH
cihpolicy,1555,keyword,CIH
cihne,1192,keyword,CIH
cihwestmidlands,1153,keyword,CIH
cihscot,1114,keyword,CIH
cihneconf,1019,keyword,CIH
ciheast,1006,keyword,CIH
construction,210575,keyword,construction
standards,21975,keyword,construction
contractors,7173,keyword,construction
contractor,4886,keyword,construction
design,175985,keyword,design
designed,22446,keyword,design
designer,9075,keyword,design
designers,5298,keyword,design
designing,3302,keyword,design
windows,49697,keyword,doors and windows
doors,46619,keyword,doors and windows
door,38162,keyword,doors and windows
window,31899,keyword,doors and windows
glazing,18522,keyword,doors and windows
glazingblogger,9725,keyword,doors and windows
doubleglazing,4207,keyword,doors and windows
glazed,3516,keyword,doors and windows
windownewsuk,2790,keyword,doors and windows
glasstimes,2256,keyword,doors and windows
windowsactive,1948,keyword,doors and windows
glassnewsmag,1915,keyword,doors and windows
windowwidgets,1244,keyword,doors and windows
glazeriteltd,1147,keyword,doors and windows
eco,9218,keyword,eco
ecobuildnow,5626,keyword,eco
ecobuild,5185,keyword,eco
ecologicalbuild,2622,keyword,eco
ecotec,1502,keyword,eco
ecodistricts,1399,keyword,eco
ecofit,1367,keyword,eco
ecofys,1317,keyword,eco
economy,48036,keyword,economy
economic,25295,keyword,economy
economies,1104,keyword,economy
economics,1055,keyword,economy
efficiency,36044,keyword,efficiency
energyefficiency,22122,keyword,efficiency
efficient,13502,keyword,efficiency
energyefficient,1100,keyword,efficiency
electricity,27590,keyword,electric
electric,24690,keyword,electric
electrical,3633,keyword,electric
energy,345545,keyword,energy
energystorage,5762,keyword,energy
energyunion,2575,keyword,energy
energyutilities,2056,keyword,energy
energyeurope,1781,keyword,energy
energyhour,1562,keyword,energy
energyukcomms,1497,keyword,energy
energydesk,1335,keyword,energy
energylivenews,1084,keyword,energy
energyinstitute,1022,keyword,energy
engineering,42361,keyword,engineering
engineers,23492,keyword,engineering
engineer,16942,keyword,engineering
environment,41349,keyword,environment
environmental,18332,keyword,environment
flood,27882,keyword,flood
flooding,9816,keyword,flood
floods,6064,keyword,flood
floodaware,5046,keyword,flood
floodmary,2528,keyword,flood
floodandcoast,2008,keyword,flood
floodre,1156,keyword,flood
floor,10263,keyword,floor
flooring,1833,keyword,floor
fuel,25346,keyword,fuel
fuels,5153,keyword,fuel
gas,86085,keyword,gas
boiler,42952,keyword,gas
gasmangod,28054,keyword,gas
irbheating,20631,keyword,gas
boilers,15317,keyword,gas
gassaferegister,11725,keyword,gas
gassafetyweek,4109,keyword,gas
gassafepete,3924,keyword,gas
gaskellmike,3717,keyword,gas
carbonmonoxide,3261,keyword,gas
gassafe,2973,keyword,gas
gassafeglasgow,2415,keyword,gas
gaschatgroup,2275,keyword,gas
gaschattour,1916,keyword,gas
gasboilersalton,1673,keyword,gas
gassafety,1367,keyword,gas
gasappuk,1204,keyword,gas
greenbuild,3637,keyword,green
greenbuilding,2893,keyword,green
greeninfrastructure,2815,keyword,green
greenhouse,1694,keyword,green
greendeal,1247,keyword,green
heating,55023,keyword,heating
heat,30899,keyword,heating
heatingconsult,3811,keyword,heating
heatingcontrols,2358,keyword,heating
heatingyourhome,1972,keyword,heating
heater,1589,keyword,heating
heaters,1081,keyword,heating
homelessness,35578,keyword,homeless
homeless,24333,keyword,homeless
homelessnessreductionbill,1559,keyword,homeless
housing,410830,keyword,house
home,235953,keyword,house
house,211158,keyword,house
homes,184750,keyword,house
ukhousing,112917,keyword,house
housingday,23420,keyword,house
homesforbritain,22179,keyword,house
houses,16197,keyword,house
ukhousingfast,6380,keyword,house
homesforwales,4828,keyword,house
homeowners,4759,keyword,house
housingitguy,4404,keyword,house
housingcrisis,3866,keyword,house
housemarkltd,3836,keyword,house
housingjobs,3008,keyword,house
housingawards,2549,keyword,house
households,2390,keyword,house
housebuilding,2152,keyword,house
housetorent,2116,keyword,house
housingsubutcher,2006,keyword,house
housingfirst,1756,keyword,house
resourcehousing,1712,keyword,house
houseplanhelp,1695,keyword,house
ukhousingawards,1573,keyword,house
housingbill,1550,keyword,house
homeimprovement,1410,keyword,house
homesproperty,1386,keyword,house
housingwhitepaper,1336,keyword,house
household,1229,keyword,house
housingmagazine,1221,keyword,house
houseexchange,1105,keyword,house
housingex,1037,keyword,house
infrastructure,37553,keyword,infrastructure
insidehousing,21055,keyword,infrastructure
installation,27351,keyword,installer
installer,23119,keyword,installer
installermag,20459,keyword,installer
installed,18783,keyword,installer
installers,18195,keyword,installer
installersfirst,6408,keyword,installer
installing,5603,keyword,installer
installations,4354,keyword,installer
installershow,2907,keyword,installer
installersunion,1145,keyword,installer
insulation,17611,keyword,insulation
insulated,1101,keyword,insulation
jrfuk,33906,keyword,JRF
jrfbrian,2236,keyword,JRF
jrf,1412,keyword,JRF
jrfuks,1180,keyword,JRF
land,35288,keyword,land
landaid,3542,keyword,land
landlords,60906,keyword,landlord
landlord,32581,keyword,landlord
landlordtweets,2692,keyword,landlord
landlordref,2592,keyword,landlord
landlordinshow,2340,keyword,landlord
nationalandlord,2230,keyword,landlord
landlordaction,1909,keyword,landlord
landlordzone,1905,keyword,landlord
landlordshow,1035,keyword,landlord
natfednews,25229,keyword,natfed
natfeddavid,11901,keyword,natfed
natfedevents,9246,keyword,natfed
natfed,4377,keyword,natfed
natfenawards,4119,keyword,natfed
natfedkatie,2628,keyword,natfed
natfedclaire,1131,keyword,natfed
neighbourhood,7491,keyword,neighbourhood
neighbourhoods,1368,keyword,neighbourhood
neighbourhoodplanning,1113,keyword,neighbourhood
passivhaus,54391,keyword,passivehouse
passive,27281,keyword,passivehouse
passivehouse,23229,keyword,passivehouse
passivhaustrust,7985,keyword,passivehouse
passivehousebb,4072,keyword,passivehouse
passivhausnews,3172,keyword,passivehouse
passivelogical,2552,keyword,passivehouse
passiveacademy,1845,keyword,passivehouse
passivehousecal,1307,keyword,passivehouse
pbplumber,38867,keyword,plumbing
plumbing,36066,keyword,plumbing
bathroom,20351,keyword,plumbing
bath,9952,keyword,plumbing
plumbingac,5474,keyword,plumbing
bathrooms,3992,keyword,plumbing
pbmag,1643,keyword,plumbing
plumbpal,1580,keyword,plumbing
plumbpalproduct,1120,keyword,plumbing
pbmmagazine,1010,keyword,plumbing
poverty,45202,keyword,poverty
ukpoverty,4512,keyword,poverty
fuelpoverty,1279,keyword,poverty
propertynews,6836,keyword,property
propertyweek,3565,keyword,property
propertyshe,1717,keyword,property
propertydanh,1450,keyword,property
propertyhour,1318,keyword,property
ukproperty,1251,keyword,property
propertywire,1223,keyword,property
renewables,42169,keyword,renewables
renewable,41755,keyword,renewables
pv,12569,keyword,renewables
renewableenergy,5225,keyword,renewables
solarpv,2433,keyword,renewables
solarpowerport,2379,keyword,renewables
renewableuk,2345,keyword,renewables
solarenergy,2276,keyword,renewables
solarpowereu,2223,keyword,renewables
solarcentury,1936,keyword,renewables
solaraid,1471,keyword,renewables
solarimpulse,1301,keyword,renewables
solareditor,1199,keyword,renewables
renews,1011,keyword,renewables
rent,49538,keyword,rent
tenants,48554,keyword,rent
tenant,21838,keyword,rent
rental,10953,keyword,rent
rents,10907,keyword,rent
rented,6971,keyword,rent
renting,6929,keyword,rent
tenancy,6353,keyword,rent
renters,3429,keyword,rent
tenancydeposits,2127,keyword,rent
tenancies,1718,keyword,rent
tenure,1396,keyword,rent
renovation,4415,keyword,retrofit
residents,37068,keyword,residential
residential,15044,keyword,residential
residence,9584,keyword,residential
retrofit,12059,keyword,retrofit
repairs,9577,keyword,retrofit
repair,8806,keyword,retrofit
replacement,4806,keyword,retrofit
restoration,3095,keyword,retrofit
replacing,2928,keyword,retrofit
replaced,1225,keyword,retrofit
retrofitawards,1052,keyword,retrofit
riba,70225,keyword,RIBA
ribaj,5244,keyword,RIBA
ribaawards,4416,keyword,RIBA
ribanorthwest,4366,keyword,RIBA
ribalondon,3355,keyword,RIBA
ribanortheast,1811,keyword,RIBA
ribaarchitect,1794,keyword,RIBA
ribasoutheast,1732,keyword,RIBA
ribaeastmidland,1591,keyword,RIBA
ribawestmids,1489,keyword,RIBA
ribayorkshire,1223,keyword,RIBA
ribanorth,1127,keyword,RIBA
ribabookshops,1067,keyword,RIBA
ribas,1022,keyword,RIBA
ribacomps,1002,keyword,RIBA
ricsnews,34041,keyword,RICS
rics,25301,keyword,RICS
ricsawards,3249,keyword,RICS
ricseurope,2299,keyword,RICS
ricsmatrics,2254,keyword,RICS
ricschiefexec,2205,keyword,RICS
ricsapc,2158,keyword,RICS
ricsamericas,2039,keyword,RICS
ricssota,1728,keyword,RICS
ricswales,1717,keyword,RICS
ricsnorth,1698,keyword,RICS
ricsrecruit,1502,keyword,RICS
ricsscotland,1450,keyword,RICS
ricsfutures,1284,keyword,RICS
ricseastmids,1263,keyword,RICS
ricsresi,1248,keyword,RICS
ricssouth,1223,keyword,RICS
ricscpd,1221,keyword,RICS
ricsmodus,1217,keyword,RICS
roof,46004,keyword,roof
roofing,38784,keyword,roof
roofs,8467,keyword,roof
rooflights,2837,keyword,roof
roofingtoday,2367,keyword,roof
roofers,2356,keyword,roof
greenroofs,2281,keyword,roof
roofingawards,2010,keyword,roof
rooftophousing,2009,keyword,roof
greenroof,1877,keyword,roof
ukroofingawards,1735,keyword,roof
rooflight,1354,keyword,roof
roofer,1315,keyword,roof
rooftop,1242,keyword,roof
training,89898,keyword,skills
skills,70342,keyword,skills
apprenticeships,34537,keyword,skills
apprenticeship,31964,keyword,skills
apprentice,24038,keyword,skills
apprentices,14138,keyword,skills
citbuk,7771,keyword,skills
citb,2971,keyword,skills
citbscotland,1932,keyword,skills
citbwales,1750,keyword,skills
traintradeskills,1565,keyword,skills
smart,37357,keyword,smart
smartcities,2963,keyword,smart
phpi,18817,keyword,plumbing
phplusmag,3952,keyword,passivehouse
phpp,2717,keyword,passivehouse
surveying,7475,keyword,surveying
surveyors,5784,keyword,surveying
surveyor,4520,keyword,surveying
surveyingthefuture,1532,keyword,surveying
surveys,1011,keyword,surveying
sustainable,66372,keyword,sustainability
sustainability,65324,keyword,sustainability
benefits,40070,keyword,tax and benefits
righttobuy,2941,keyword,tax and benefits
bedroomtax,2888,keyword,tax and benefits
timber,32420,keyword,timber
wood,21160,keyword,timber
timbercomposite,3046,keyword,timber
wooden,2259,keyword,timber
timberexpo,1675,keyword,timber
woodawards,1085,keyword,timber
tradestalk,12529,keyword,trades
trades,2473,keyword,trades
tradetalk,1066,keyword,trades
tradesmen,1044,keyword,trades
london,352263,,
change,189552,,
m,166672,,
brexit,153594,,
awards,144231,,
st,138207,,
congratulations,128627,,
fantastic,127479,,
job,121922,,
htt,113038,,
made,112570,,
eu,110045,,
women,105139,,
coming,99639,,
labour,96863,,
students,96278,,
ht,95077,,
w,92189,,
making,88117,,
todays,87172,,
centre,86295,,
jobs,86228,,
de,85312,,
h,84849,,
info,84642,,
looks,84629,,
details,83872,,
needs,83203,,
members,78780,,
services,78421,,
things,78166,,
using,76138,,
taking,74372,,
projects,74124,,
talking,73546,,
stories,72261,,
manchester,68939,,
cities,68553,,
friday,68204,,
gt,67208,,
bbc,66797,,
plans,65991,,
weeks,65348,,
k,65335,,
innovation,63361,,
trump,63256,,
seen,58271,,
guardian,57241,,
delighted,55277,,
excited,55027,,
x,54499,,
supporting,53324,,
email,51480,,
la,51326,,
govt,50989,,
june,50633,,
times,50524,,
programme,50408,,
children,50383,,
shows,50255,,
nhs,50210,,
congrats,49377,,
wales,48830,,
said,48752,,
makes,47111,,
england,46876,,
low,46734,,
trade,46141,,
c,45871,,
products,45850,,
john,44296,,
bristol,44044,,
events,43903,,
tips,43808,,
n,43122,,
prices,42911,,
david,42457,,
tickets,41816,,
tory,41537,,
ideas,41525,,
tech,41142,,
march,41138,,
sharing,41073,,
customers,40881,,
v,40672,,
issues,40575,,
budget,39916,,
scotland,39790,,
companies,39352,,
questions,39067,,
britain,38730,,
facebook,38601,,
businesses,36941,,
guys,36852,,
tories,36591,,
monday,36454,,
t,36408,,
mp,36241,,
leeds,35710,,
speaking,35595,,
d,35526,,
en,34981,,
months,34468,,
helping,34142,,
friends,32706,,
schools,32512,,
worlds,32289,,
co,32012,,
bn,31861,,
sunday,31858,,
room,31791,,
places,31508,,
cuts,31383,,
means,31351,,
update,31291,,
winners,30975,,
opportunities,30881,,
paris,30878,,
fab,30672,,
mps,30578,,
followers,30554,,
u,30359,,
pleased,30318,,
leaders,29812,,
communities,29769,,
re,29731,,
ff,29434,,
april,29432,,
un,29326,,
july,29144,,
b,28766,,
uks,28734,,
seeing,28658,,
needed,28478,,
ge,28304,,
ft,28224,,
talks,28138,,
shortlisted,27750,,
systems,27738,,
winning,27555,,
solutions,27115,,
lives,27044,,
europe,26852,,
photos,26497,,
theresa,26096,,
giving,25999,,
starting,25899,,
won,25860,,
goes,25831,,
saturday,25797,,
wow,25767,,
costs,25731,,
takes,25709,,
corbyn,25654,,
biggest,25420,,
families,25173,,
gtgt,25023,,
changes,24880,,
hours,24834,,
ways,24733,,
parliament,24544,,
gets,24474,,
y,24131,,
vaillantuk,23797,,
p,23745,,
based,23612,,
rights,23304,,
october,23187,,
√,23166,,
workers,23141,,
londons,23059,,
results,23008,,
e,22797,,
kids,22687,,
liverpool,22567,,
o,22396,,
r,22332,,
scottish,22313,,
york,22050,,
pls,21943,,
trying,21901,,
announced,21878,,
china,21561,,
el,21292,,
commshero,21223,,
stunning,21177,,
ha,21122,,
transport,21084,,
missed,21067,,
celebrating,20964,,
fitshow,20727,,
youtube,20671,,
download,20643,,
views,20591,,
launched,20376,,
thoughts,20298,,
starts,20195,,
wants,20183,,
awesome,20080,,
mate,19809,,
click,19796,,
inspiring,19699,,
paul,19449,,
prize,19324,,
retweet,19246,,
calls,19183,,
calling,19029,,
offers,19011,,
amynettleton,18985,,
swhysall,18957,,
comes,18926,,
courses,18895,,
september,18891,,
went,18772,,
app,18733,,
launches,18630,,
enjoyed,18579,,
favourite,18499,,
nov,18407,,
saying,18203,,
seems,18192,,
webinar,17975,,
double,17927,,
careers,17898,,
men,17877,,
cpd,17846,,
g,17747,,
seminar,17744,,
tackle,17658,,
words,17593,,
nd,17510,,
experts,17496,,
told,17180,,
thursday,17090,,
birmingham,16996,,
asked,16991,,
agents,16939,,
countries,16895,,
challenges,16680,,
flat,16673,,
dementia,16606,,
investors,16542,,
deadline,16316,,
heard,16288,,
supported,16251,,
samchurchstile,16227,,
festival,16141,,
cliveomalley,16099,,
asifchoudry,16047,,
stylesplumbing,15985,,
tells,15845,,
wellbeing,15840,,
uklabour,15773,,
telegraph,15663,,
welfare,15569,,
rd,15500,,
called,15431,,
ianplumbing,15417,,
came,15344,,
met,15344,,
properties,15343,,
moving,15337,,
jeremy,15280,,
started,15262,,
alisoninman,15159,,
clients,15120,,
problems,15078,,
letting,15013,,
oct,14940,,
older,14884,,
glasgow,14755,,
bills,14725,,
completed,14722,,
november,14706,,
q,14699,,
cold,14649,,
sounds,14541,,
retail,14406,,
trees,14396,,
collaboration,14306,,
associations,14288,,
breaking,14284,,
parisagreement,14217,,
largest,14150,,
cars,13970,,
taken,13947,,
areas,13886,,
trumps,13859,,
tomemurtha,13801,,
tweets,13778,,
chat,13768,,
showing,13744,,
yorkshire,13714,,
wins,13625,,
edinburgh,13557,,
voted,13545,,
joining,13500,,
innovative,13457,,
mipim,13457,,
train,13327,,
reports,13229,,
fossil,13218,,
jeremycorbyn,13207,,
pr,13207,,
thehrplumber,13167,,
councils,13096,,
boris,12924,,
elrondburrell,12901,,
sept,12880,,
solidorltd,12829,,
india,12814,,
leamingtonsbc,12814,,
higher,12804,,
f,12772,,
discussing,12693,,
theciob,12638,,
forum,12466,,
monoxide,12451,,
nhf,12387,,
conservatives,12361,,
wednesday,12207,,
ireland,12202,,
published,12189,,
zero,12159,,
took,12139,,
plumber,12134,,
shared,12105,,
tools,11986,,
attending,11940,,
fracking,11925,,
plumbers,11891,,
tuesday,11881,,
feedback,11785,,
plymouthgas,11746,,
materials,11739,,
arts,11712,,
conservatory,11702,,
earth,11701,,
domestic,11650,,
charities,11623,,
reasons,11621,,
paid,11611,,
dezeen,11604,,
proptech,11578,,
sharedownership,11553,,
nickatkinhht,11528,,
pringlechris,11468,,
finished,11419,,
volunteers,11402,,
welsh,11393,,
watching,11389,,
spaces,11377,,
opens,11341,,
van,11304,,
helps,11296,,
newsletter,11233,,
dr,11182,,
showroom,11161,,
aluminium,11145,,
placeshapers,11108,,
voting,11077,,
hull,11070,,
weareresource,11030,,
scientists,11021,,
colleagues,11011,,
engagement,10995,,
drboilers,10983,,
lord,10978,,
petition,10971,,
gone,10935,,
consultation,10917,,
partners,10914,,
lyhalisap,10874,,
grid,10838,,
vietecheating,10827,,
lol,10815,,
fabulous,10806,,
added,10798,,
yrs,10777,,
girls,10672,,
boost,10622,,
l,10619,,
lettings,10619,,
asking,10593,,
minutes,10489,,
waynekirby,10483,,
mayoroflondon,10445,,
stem,10438,,
prhullltd,10430,,
ev,10375,,
colour,10360,,
fancy,10351,,
cheers,10313,,
explains,10303,,
worcesterbosch,10218,,
rates,10166,,
recruiting,10105,,
helped,10078,,
parents,10052,,
deskbuddyuk,10049,,
yr,10043,,
waiting,10021,,
socialhousing,10005,,
westminster,9972,,
le,9935,,
rules,9923,,
ventilation,9921,,
tomgoetz,9900,,
inspiration,9884,,
photography,9880,,
labours,9858,,
cardiff,9841,,
breeam,9827,,
prs,9804,,
fitted,9787,,
james,9786,,
policies,9743,,
michael,9734,,
joelresource,9732,,
voters,9704,,
rising,9656,,
ends,9641,,
giveaway,9636,,
sadiqkhan,9628,,
happening,9620,,
signed,9568,,
buyers,9533,,
estatesgazette,9520,,
del,9504,,
workplace,9504,,
worse,9483,,
labcuk,9482,,
ukgbc,9481,,
posted,9473,,
bondbryanbim,9466,,
comms,9447,,
conservation,9436,,
panels,9422,,
buytolet,9417,,
spirotechuk,9396,,
croydon,9362,,
briefing,9329,,
grenfell,9288,,
saw,9217,,
regeneration,9204,,
manifesto,9171,,
se,9117,,
nottingham,9112,,
ownership,9083,,
designs,9081,,
employers,9081,,
oxford,9081,,
offices,9080,,
chris,9050,,
mm,8966,,
warming,8966,,
thermal,8958,,
tpasawards,8935,,
revit,8903,,
ltd,8875,,
greater,8872,,
crisisuk,8866,,
inspired,8856,,
loved,8856,,
longer,8854,,
refugees,8823,,
leepeakheating,8809,,
google,8769,,
applications,8768,,
walls,8761,,
auction,8734,,
germany,8733,,
gives,8728,,
hvpmag,8712,,
points,8710,,
enjoying,8657,,
fascinating,8652,,
arrived,8635,,
creating,8632,,
innovateuk,8601,,
que,8595,,
updates,8594,,
feb,8558,,
speakers,8551,,
phexshow,8548,,
ones,8531,,
cc,8530,,
plumberparts,8519,,
pictures,8505,,
pledge,8503,,
listed,8484,,
loving,8448,,
buying,8401,,
registered,8376,,
africa,8370,,
sat,8359,,
pic,8353,,
andy,8352,,
asks,8347,,
august,8330,,
arctic,8312,,
betateach,8295,,
crossrail,8286,,
mobile,8281,,
reveals,8278,,
exclusive,8251,,
britains,8250,,
timmorton,8247,,
gsw,8246,,
womens,8164,,
tom,8155,,
fees,8142,,
ar,8126,,
offshore,8121,,
shortlist,8118,,
hosting,8084,,
biomass,8074,,
tpasengland,8074,,
airpollution,8029,,
alicewool,8026,,
cycling,8015,,
para,8008,,
reminder,7996,,
changed,7994,,
figures,7977,,
steeledamon,7959,,
peter,7947,,
lecture,7941,,
joined,7936,,
pics,7924,,
offering,7876,,
las,7867,,
sdgs,7867,,
baxiboilers,7858,,
ecominimalnick,7850,,
selling,7825,,
autumn,7816,,
levels,7809,,
referendum,7762,,
featuring,7761,,
tonights,7748,,
worldskillsuk,7740,,
vacancy,7729,,
networking,7725,,
raised,7722,,
tiles,7721,,
theresamay,7700,,
sent,7690,,
closes,7675,,
highlights,7669,,
leaving,7633,,
governments,7624,,
historicengland,7620,,
hq,7579,,
received,7571,,
los,7567,,
paulbromford,7566,,
approved,7564,,
ratechhotun,7564,,
visiting,7563,,
featured,7560,,
disabled,7558,,
brighton,7540,,
fe,7540,,
mentalhealth,7517,,
raising,7508,,
theatre,7508,,
inequality,7505,,
george,7504,,
cnplus,7457,,
sold,7450,,
autodesk,7442,,
haha,7423,,
johnson,7413,,
tackling,7406,,
risks,7402,,
landscape,7380,,
revealed,7372,,
putting,7361,,
amandaclack,7351,,
rtpiplanners,7338,,
thenfrc,7334,,
weratoolsuk,7333,,
finalists,7318,,
royal,7311,,
entries,7309,,
gov,7302,,
required,7301,,
richard,7295,,
gardens,7279,,
s,7256,,
books,7254,,
campaigning,7251,,
wanted,7247,,
al,7231,,
finds,7230,,
spent,7227,,
cameron,7217,,
m√,7203,,
csr,7174,,
linkedin,7153,,
a,7144,,
iceengineers,7141,,
chcymru,7117,,
january,7098,,
hpmmag,7092,,
bbcnews,7087,,
earlier,7076,,
ldf,7065,,
adeypro,7050,,
teams,7050,,
targets,7047,,
reporting,7024,,
sessions,7008,,
simplicitly,7001,,
presenting,6976,,
cambridge,6974,,
steve,6971,,
sheffield,6929,,
ychscarboro,6929,,
features,6911,,
academy,6896,,
closed,6874,,
closing,6868,,
models,6859,,
cre,6852,,
communityenergy,6835,,
equality,6815,,
thegreenparty,6810,,
gw,6804,,
yn,6793,,
ed,6789,,
thread,6782,,
rdmills,6777,,
peoples,6767,,
riversideuk,6735,,
ppl,6720,,
safetysuperhero,6720,,
professionals,6704,,
donald,6698,,
inspirational,6684,,
realestate,6678,,
aj,6677,,
nyc,6670,,
released,6658,,
deals,6644,,
derby,6637,,
deantorris,6634,,
groups,6598,,
dec,6591,,
mt,6589,,
ukbimcrew,6576,,
cornwall,6567,,
france,6543,,
titanheat,6527,,
pmqs,6525,,
steps,6512,,
carolinelucas,6459,,
worst,6458,,
created,6451,,
markets,6446,,
driving,6419,,
luxury,6415,,
subutcher,6398,,
deccgovuk,6380,,
comments,6345,,
artists,6339,,
keeping,6337,,
trends,6335,,
tim,6331,,
nick,6326,,
hub,6321,,
cohousing,6292,,
consumers,6283,,
thousands,6274,,
listening,6270,,
deposit,6269,,
sponsored,6265,,
farmers,6260,,
doitlikedenbo,6251,,
interior,6251,,
composite,6250,,
savills,6247,,
smith,6239,,
bespoke,6237,,
kgilly,6222,,
states,6222,,
biz,6217,,
victims,6216,,
leicester,6200,,
vehicles,6191,,
donate,6176,,
xmas,6176,,
slate,6174,,
playing,6170,,
hands,6169,,
skillsshow,6146,,
heading,6142,,
missing,6139,,
thames,6132,,
fm,6121,,
ukip,6110,,
civic,6109,,
walking,6102,,
ian,6092,,
pavilion,6080,,
numbers,6063,,
excellence,6062,,
eg,6061,,
jurajmikurcik,6048,,
instagram,6045,,
checked,6042,,
impacts,6036,,
easter,6035,,
vacancies,6034,,
unfccc,6015,,
nlalondon,6012,,
stridetreglown,6008,,
worked,6003,,
castle,5986,,
goals,5970,,
ministers,5963,,
claims,5960,,
contracts,5953,,
developers,5951,,
plumbcenteruk,5948,,
continues,5944,,
radiator,5937,,
bdonline,5929,,
jan,5928,,
smailesben,5904,,
announces,5896,,
images,5895,,
sponsor,5895,,
citaltd,5888,,
naw,5861,,
supplier,5841,,
warns,5830,,
diy,5819,,
fernox,5817,,
ciphe,5802,,
led,5795,,
warranty,5784,,
universalcredit,5771,,
holding,5770,,
mays,5766,,
comp,5759,,
options,5745,,
worldgbc,5745,,
inc,5739,,
et,5735,,
interiordesign,5735,,
lfarchitecture,5725,,
bitznpcz,5713,,
hcauk,5707,,
wildlife,5688,,
con,5684,,
rhi,5679,,
america,5678,,
fans,5672,,
alphatec,5652,,
essex,5652,,
sports,5646,,
bringing,5626,,
plants,5616,,
mins,5613,,
tonystacey,5595,,
brochure,5585,,
lfa,5569,,
happened,5564,,
drsimevans,5561,,
gorgeous,5554,,
citizens,5546,,
guardianhousing,5534,,
becoming,5525,,
radiators,5512,,
till,5505,,
banks,5489,,
followed,5483,,
fingers,5464,,
manufacturers,5461,,
parks,5456,,
londoners,5454,,
hopefully,5452,,
updated,5448,,
halloween,5445,,
baxi,5429,,
haltonhousing,5429,,
millions,5425,,
waterproofing,5411,,
shame,5406,,
newcastle,5355,,
btl,5345,,
totalplumbinguk,5344,,
caseyrutland,5325,,
womeninhousing,5318,,
langleyheating,5313,,
rehauwindows,5303,,
carers,5301,,
matters,5293,,
booked,5282,,
por,5276,,
kent,5265,,
fridayfeeling,5253,,
commschat,5247,,
idealheating,5243,,
samsiangas,5235,,
thephilpster,5216,,
chapsheating,5214,,
commons,5206,,
december,5196,,
heidithompson,5196,,
activities,5195,,
facts,5188,,
streets,5187,,
atagheating,5178,,
volunteering,5178,,
feweek,5170,,
petebond,5169,,
expected,5149,,
fitting,5147,,
cladding,5134,,
resources,5133,,
delivering,5132,,
freebiefriday,5117,,
written,5111,,
hvac,5100,,
affected,5098,,
bbcradio,5091,,
austerity,5090,,
conservatories,5089,,
funds,5087,,
viessmannuk,5083,,
tried,5075,,
newyddhousing,5070,,
investing,5069,,
reddyplumbing,5064,,
sleeping,5058,,
appreciated,5044,,
lgbt,5027,,
dwp,5024,,
cleanenergy,5005,,
upvc,4992,,
alarm,4986,,
ciob,4978,,
planners,4968,,
yestohomes,4953,,
kit,4944,,
grahammerchant,4939,,
tai,4935,,
organisation,4915,,
startup,4914,,
devolution,4913,,
rally,4906,,
lowcarbon,4904,,
mw,4892,,
glowwormclub,4879,,
bmfmerchants,4871,,
nfaalmos,4858,,
australia,4851,,
happens,4849,,
iot,4847,,
kenperry,4846,,
recycling,4845,,
refurbishment,4838,,
epa,4832,,
schemes,4830,,
california,4829,,
thebm,4828,,
prof,4826,,
iea,4817,,
envagency,4790,,
votes,4789,,
sika,4784,,
jlluk,4782,,
bsl,4781,,
thenbs,4781,,
worcester,4763,,
heatingbarrett,4748,,
pump,4744,,
toolfair,4727,,
firms,4716,,
gave,4708,,
voluntary,4707,,
simon,4706,,
amazon,4704,,
developments,4698,,
actonclimate,4693,,
labourdoorstep,4688,,
sites,4688,,
childrens,4675,,
flats,4670,,
digiconweek,4644,,
vaillant,4642,,
nickresource,4637,,
shares,4625,,
tpasjenny,4622,,
tate,4612,,
vat,4603,,
cnawards,4601,,
grey,4599,,
elliotresource,4592,,
neil,4591,,
bifold,4590,,
deserved,4586,,
ofgem,4577,,
providing,4565,,
exploring,4562,,
regen,4556,,
thetcpa,4549,,
committed,4545,,
podcast,4545,,
looked,4543,,
mcdermottwindow,4538,,
benderbyshire,4533,,
tweeting,4531,,
turned,4529,,
plz,4524,,
garethwheating,4520,,
subsidies,4515,,
newchartergroup,4504,,
tune,4500,,
whilst,4500,,
vr,4499,,
filter,4494,,
xx,4488,,
officers,4484,,
concerns,4482,,
forests,4482,,
ikoplc,4482,,
experienced,4466,,
vanda,4455,,
ai,4446,,
theipha,4442,,
boys,4440,,
tesfenews,4440,,
merchants,4435,,
canada,4430,,
fensa,4416,,
thx,4416,,
sunny,4415,,
diesel,4395,,
jgspeedfit,4393,,
nominated,4381,,
lane,4377,,
organisations,4377,,
dcw,4368,,
rtpiscotland,4362,,
rlanews,4327,,
nfa,4318,,
parts,4317,,
archdaily,4313,,
tesla,4309,,
writes,4302,,
kings,4301,,
ipcc,4287,,
amen,4282,,
nights,4280,,
wrote,4277,,
alex,4274,,
chelsea,4271,,
homelesslink,4264,,
spectuswindows,4262,,
certified,4259,,
talented,4259,,
es,4256,,
blueprint,4254,,
atlasroofjohn,4252,,
toilet,4250,,
ultionlock,4250,,
openhouselondon,4248,,
naphn,4240,,
airtightness,4230,,
bbcrtoday,4210,,
stirlingprize,4206,,
thecccuk,4201,,
savings,4199,,
regards,4195,,
plusdane,4193,,
blindsinglass,4188,,
eyes,4187,,
sdg,4187,,
underway,4182,,
edie,4171,,
ben,4170,,
loads,4170,,
julesbirch,4166,,
smithsepuk,4166,,
livingwage,4164,,
lords,4163,,
stewartgh,4161,,
til,4160,,
wolfgangfeist,4154,,
bought,4144,,
opened,4140,,
nominate,4134,,
aged,4126,,
mondaymotivation,4113,,
brings,4109,,
planned,4108,,
poisoning,4104,,
named,4103,,
behaviour,4098,,
worldskills,4096,,
hoping,4088,,
nw,4087,,
launching,4084,,
flush,4078,,
apologies,4073,,
curogroup,4073,,
nixy,4062,,
socialcare,4062,,
bigwipes,4057,,
conf,4050,,
drinks,4045,,
kevinwwulvern,4043,,
turning,4043,,
crossed,4040,,
ollywainwright,4038,,
archreview,4033,,
businessgreen,4029,,
pa,4024,,
practices,4023,,
rcimag,4020,,
appliances,3998,,
arrears,3997,,
startsathome,3997,,
pro,3994,,
nxon,3993,,
mvhr,3984,,
workshops,3983,,
adclarkie,3977,,
harryaskham,3966,,
theiet,3960,,
homegroup,3959,,
nigelgrantupvc,3959,,
katede,3945,,
sponsors,3942,,
held,3931,,
johnhealeymp,3929,,
wih,3918,,
smes,3915,,
faces,3910,,
paulrhull,3906,,
architypeuk,3900,,
suppliers,3897,,
insights,3895,,
defragovuk,3888,,
georgemonbiot,3884,,
andrew,3881,,
inclusive,3881,,
eepaul,3873,,
chinas,3868,,
politicians,3868,,
guidance,3865,,
gb,3862,,
asb,3861,,
ambition,3854,,
supplies,3853,,
ph,3849,,
thrilled,3849,,
zaha,3849,,
combi,3847,,
stephen,3846,,
arch,3844,,
bmf,3831,,
paving,3829,,
checkatrade,3826,,
matt,3819,,
sarah,3807,,
miles,3803,,
jo,3797,,
brands,3796,,
efforts,3789,,
icymi,3788,,
evoqueheating,3786,,
telling,3785,,
greens,3780,,
womenoffuture,3776,,
agreed,3773,,
incommunitiesha,3772,,
ambitious,3771,,
jamesbg,3771,,
socent,3765,,
exhibiting,3758,,
colleges,3755,,
joryanac,3754,,
decc,3753,,
cdp,3747,,
bid,3744,,
bigwindowfitter,3744,,
eusew,3744,,
watersafeuk,3743,,
stats,3742,,
theregendagroup,3740,,
ii,3734,,
facing,3717,,
fcbstudios,3717,,
thurs,3717,,
bregroup,3716,,
accommodation,3713,,
lucyferman,3712,,
studies,3711,,
portfolio,3696,,
lha,3695,,
cafe,3692,,
les,3675,,
solidor,3674,,
vivasanitary,3666,,
extended,3661,,
merchant,3656,,
brick,3653,,
outstanding,3653,,
signs,3652,,
plumbaseuk,3646,,
wienerbergeruk,3645,,
joesarling,3644,,
dublin,3638,,
tomorrows,3636,,
bigbangfair,3633,,
controls,3625,,
d√,3625,,
begins,3619,,
emerging,3615,,
bloody,3614,,
davidpipecih,3612,,
morrishgp,3605,,
gmb,3598,,
greenbiz,3598,,
sofiepelsmakers,3597,,
tfl,3593,,
hurricane,3591,,
thesolartrade,3588,,
died,3586,,
venue,3586,,
wishyorkhumber,3583,,
turns,3581,,
aphcuk,3579,,
gemhousing,3578,,
borough,3568,,
charles,3565,,
rightmove,3561,,
northernpowerhouse,3559,,
adaptation,3557,,
ccs,3555,,
easier,3552,,
hydro,3552,,
conveyancing,3551,,
noon,3544,,
heathrow,3540,,
elected,3530,,
sponsoring,3529,,
teamuk,3524,,
knightfrank,3519,,
ons,3519,,
creativity,3518,,
willmottdixon,3509,,
hiring,3502,,
dash,3499,,
hunt,3498,,
tony,3498,,
games,3493,,
wimbledon,3491,,
americans,3489,,
hs,3489,,
providers,3483,,
au,3482,,
oak,3481,,
cathedral,3477,,
regulations,3476,,
puerto,3474,,
vouchers,3473,,
sets,3471,,
jonathonhallam,3468,,
drossiter,3467,,
tbim,3458,,
qualifications,3454,,
sq,3450,,
associates,3448,,
xxx,3445,,
ssoanews,3440,,
spab,3439,,
awarded,3424,,
seeking,3424,,
houltelly,3423,,
tesco,3421,,
cwgc,3419,,
visited,3419,,
safeagent,3415,,
ongouk,3412,,
hinkley,3411,,
clearviewmag,3409,,
welcoming,3408,,
martin,3406,,
cdw,3405,,
handy,3405,,
nhawards,3400,,
rgemag,3400,,
spare,3394,,
fri,3393,,
cipruk,3392,,
juliaunwin,3392,,
hr,3387,,
nations,3387,,
djhreed,3386,,
aecbnet,3376,,
victorian,3371,,
reception,3370,,
experiences,3363,,
ultraframe,3363,,
jll,3359,,
yep,3356,,
cpc,3352,,
chester,3351,,
pub,3350,,
slhjulie,3346,,
flue,3343,,
knightstoneha,3343,,
livingwageuk,3341,,
alert,3339,,
superb,3338,,
judging,3335,,
arlauk,3331,,
sadly,3329,,
obama,3327,,
nhffinance,3325,,
ralpharcdox,3323,,
globalgoals,3318,,
salford,3317,,
barbaraspicer,3316,,
muirgroupha,3315,,
nicktune,3311,,
dates,3309,,
farming,3306,,
robert,3306,,
talklandscape,3306,,
employees,3304,,
bpec,3302,,
proposals,3299,,
orbitgroup,3298,,
provides,3295,,
fmbuilders,3293,,
colours,3292,,
michreid,3289,,
lee,3286,,
bre,3282,,
officially,3279,,
citabimgroup,3274,,
sunshine,3268,,
parties,3267,,
rtb,3264,,
f√,3262,,
technologies,3261,,
announcement,3259,,
ampm,3258,,
aec,3252,,
upcoming,3246,,
circulareconomy,3245,,
selfbuild,3245,,
archcentre,3242,,
healthcare,3240,,
simmondsmills,3237,,
packed,3235,,
markimark,3234,,
bromford,3233,,
henrypryor,3231,,
onthisday,3230,,
peteapps,3228,,
wes,3228,,
cosywarmplumber,3221,,
singleply,3221,,
ncfc,3214,,
builduk,3211,,
eucommission,3210,,
totalsite,3207,,
liccleem,3206,,
memorial,3205,,
stars,3205,,
bizitalk,3204,,
hacthousing,3203,,
tapmedic,3203,,
brewatford,3201,,
infographic,3198,,
roadshow,3194,,
johnpopham,3189,,
ageing,3183,,
alphatecheating,3181,,
candidates,3179,,
rtpi,3179,,
voucher,3178,,
estates,3175,,
sorted,3173,,
mayors,3172,,
japan,3170,,
procurement,3170,,
february,3169,,
fleet,3168,,
midlands,3167,,
redland,3167,,
htadesignllp,3166,,
interiors,3163,,
geobusinessshow,3159,,
jabgasandheat,3156,,
lessons,3155,,
bradford,3150,,
scotlands,3148,,
daleyplumbing,3141,,
uni,3133,,
osborne,3129,,
cnspecialists,3126,,
ggpmag,3124,,
san,3121,,
jobman,3117,,
ladder,3115,,
knew,3109,,
thermostat,3107,,
mentoring,3102,,
aug,3087,,
coventry,3087,,
dgcos,3086,,
lt,3080,,
vekaplc,3079,,
ukbimalliance,3078,,
valve,3075,,
jamesm,3072,,
knaufuk,3069,,
quiz,3065,,
lights,3063,,
zoopla,3062,,
stvrav,3059,,
tampcs,3055,,
leed,3054,,
parrandevans,3049,,
ace,3043,,
barbournews,3040,,
purplexuk,3037,,
furmadamadam,3035,,
venice,3034,,
folks,3032,,
stirling,3032,,
yhousing,3032,,
hiawards,3025,,
chicago,3024,,
guardianeco,3024,,
prefixsystems,3023,,
utilities,3022,,
directory,3020,,
exec,3016,,
wishgb,3014,,
stylish,3011,,
thecct,3011,,
paulhackett,3010,,
alukgb,3009,,
ggf,3009,,
designmuseum,3006,,
communications,3004,,
reallifereform,3004,,
sash,3003,,
truemanslimited,3003,,
originbifolds,2994,,
strongerin,2991,,
eve,2990,,
fundraising,2990,,
mexico,2985,,
terriealafatcih,2980,,
ageingbetter,2979,,
greenpeace,2974,,
institute,2974,,
benadamsmith,2969,,
resi,2968,,
known,2965,,
scott,2964,,
evs,2957,,
cityam,2954,,
worcestermatt,2954,,
gavinbarwellmp,2952,,
objects,2950,,
financing,2949,,
summary,2949,,
towns,2949,,
ciobmf,2945,,
users,2939,,
cityoflondon,2935,,
cymorthcymru,2935,,
fensawindows,2926,,
brought,2923,,
placenorthwest,2915,,
theplannerrtpi,2914,,
des,2912,,
womeninbim,2907,,
ken,2906,,
sculpture,2905,,
marine,2903,,
victoria,2902,,
solveukpoverty,2898,,
orangeries,2891,,
thefabians,2890,,
exportingisgreat,2888,,
nhfcomms,2888,,
thinkbim,2888,,
certification,2884,,
greenallianceuk,2884,,
llamauuk,2884,,
patio,2884,,
apartments,2883,,
branches,2882,,
hosted,2881,,
shelterscotland,2880,,
justlandlords,2878,,
localgov,2877,,
reducing,2875,,
studios,2875,,
newtonfund,2874,,
includes,2873,,
listertf,2873,,
ifc,2872,,
mike,2870,,
royalacademy,2869,,
queen,2868,,
hidden,2866,,
socialmedia,2866,,
labc,2862,,
lhthousing,2859,,
opencityorg,2855,,
fixed,2852,,
mollymep,2848,,
hdnuk,2847,,
utilityweek,2845,,
communitiesuk,2839,,
unep,2832,,
archfoundation,2830,,
eauk,2830,,
fabricators,2822,,
katefaulkner,2822,,
lancashire,2822,,
teachers,2822,,
maths,2821,,
ayr,2819,,
feels,2819,,
offshorewind,2815,,
londonmarathon,2814,,
loneliness,2814,,
stbauk,2812,,
usgbc,2805,,
mhshomes,2804,,
mearsgroup,2803,,
emerald,2801,,
killed,2800,,
jane,2795,,
showers,2795,,
scrutiny,2793,,
ukti,2793,,
mramarketing,2792,,
harvey,2786,,
liquidation,2786,,
ceyh,2785,,
decisions,2782,,
arclarke,2778,,
gop,2778,,
deaths,2775,,
forced,2775,,
bushbell,2774,,
licensing,2774,,
serviced,2774,,
clay,2773,,
rico,2773,,
wythenshawe,2772,,
delicious,2768,,
forestry,2768,,
wwf,2767,,
naphninfo,2764,,
films,2760,,
lighting,2754,,
qampa,2752,,
bdpcom,2750,,
wipsw,2750,,
improvements,2748,,
becdecicco,2746,,
nickduxbury,2743,,
alarms,2739,,
wwwfoecouk,2738,,
leeroyb,2737,,
di,2736,,
drawings,2736,,
pen,2735,,
trafford,2734,,
ukphc,2734,,
governance,2731,,
finalist,2728,,
supports,2724,,
urgent,2716,,
northwestbifold,2715,,
bmerchantsnews,2711,,
ifma,2709,,
knightsinwhites,2709,,
showcase,2702,,
coastalhousing,2700,,
web,2696,,
selected,2695,,
growninbritain,2694,,
hadid,2694,,
sfhahq,2692,,
dave,2689,,
spotted,2688,,
getingofar,2687,,
impressed,2685,,
planner,2684,,
charging,2680,,
hseparty,2680,,
prevention,2680,,
salesaster,2680,,
unilever,2678,,
wisepc,2678,,
ww,2678,,
votesat,2677,,
waltonplumb,2676,,
cwnyc,2673,,
londongas,2673,,
chartered,2671,,
reviews,2671,,
gawards,2667,,
lyhatweets,2667,,
archive,2665,,
struggling,2665,,
wmbtweets,2665,,
frames,2664,,
snipefandy,2664,,
leohickman,2662,,
telefinance,2662,,
geraldinehowley,2661,,
pmot,2661,,
berneslaihomes,2660,,
hipmagazine,2657,,
stopcocks,2657,,
poster,2656,,
adecapon,2655,,
phoenixtogether,2652,,
cnsummit,2650,,
pens,2649,,
cracking,2646,,
bbcqt,2644,,
classofyourown,2644,,
lines,2642,,
memories,2639,,
dedicated,2638,,
flying,2638,,
alan,2634,,
eames,2634,,
fpsexpo,2632,,
researchers,2632,,
usa,2630,,
worcestershirehour,2630,,
comit,2628,,
peterwalt,2628,,
petitawiles,2628,,
pipes,2628,,
mum,2625,,
virtual,2625,,
gordonpataccent,2624,,
greenpeaceuk,2621,,
jldplumbing,2620,,
sliding,2620,,
earthhour,2618,,
decking,2615,,
iconic,2615,,
otd,2614,,
khan,2613,,
wythenshawechg,2609,,
discount,2608,,
felt,2603,,
hawkinsbrown,2601,,
chancellor,2599,,
r√,2599,,
ufh,2598,,
fempreneurhour,2596,,
reuters,2595,,
examples,2594,,
farms,2593,,
jonbartley,2593,,
j,2589,,
rivers,2589,,
merry,2587,,
valuation,2586,,
labcawards,2583,,
shauntymon,2583,,
partnerships,2580,,
nytimes,2576,,
landmarktrust,2575,,
realdonaldtrump,2574,,
oceans,2573,,
vicrayner,2573,,
interactive,2571,,
bciawards,2569,,
premier,2567,,
vancouver,2564,,
ctawards,2563,,
jones,2563,,
cutting,2561,,
highest,2561,,
yii,2561,,
tile,2556,,
pgsmurray,2555,,
astralplumbing,2552,,
pigs,2551,,
cdwfestival,2550,,
liked,2550,,
una,2547,,
cylinder,2545,,
ealing,2543,,
louispatkins,2542,,
bs,2541,,
supportingpeoplewales,2541,,
bi,2540,,
introducing,2540,,
campbelltickel,2539,,
russia,2539,,
videos,2539,,
grohe,2537,,
keirstarmer,2536,,
oftec,2532,,
passionate,2531,,
fittings,2526,,
sikasarnafiluk,2524,,
leads,2523,,
magnaclean,2522,,
joins,2521,,
pambhandal,2520,,
cityplumbinguk,2517,,
appointed,2516,,
adam,2514,,
colinwiles,2511,,
heritagelottery,2504,,
magic,2501,,
elections,2500,,
ukfechat,2500,,
dan,2499,,
judges,2498,,
araheatinggas,2497,,
marks,2496,,
nationalcleanairday,2490,,
values,2490,,
lewis,2489,,
onshore,2487,,
estateagent,2486,,
pvcu,2484,,
cheaper,2479,,
welfareweekly,2479,,
inclusivegrowth,2478,,
foster,2473,,
waitey,2473,,
cmya,2472,,
mecanoo,2472,,
dclg,2470,,
bruteforceblog,2466,,
rts,2466,,
gonna,2465,,
iphc,2464,,
gmartinplumbing,2462,,
leak,2461,,
sam,2461,,
neilbim,2458,,
bay,2456,,
irvconstruction,2456,,
samarmstead,2456,,
angelarayner,2454,,
mcrmipim,2454,,
pumps,2451,,
measures,2450,,
underfloor,2447,,
weavervale,2447,,
preview,2445,,
keynote,2444,,
entered,2443,,
lpg,2441,,
waf,2439,,
wef,2439,,
refrigeration,2437,,
blocks,2436,,
camden,2436,,
itsbimupnorth,2435,,
andyboutle,2432,,
innovate,2425,,
invited,2425,,
coombeseveritt,2422,,
prizes,2422,,
ggfi,2419,,
scfc,2416,,
alongside,2415,,
rip,2415,,
clarkrob,2412,,
workforce,2412,,
cfgtweets,2410,,
resianalyst,2410,,
microsoft,2409,,
aims,2408,,
designlondon,2407,,
richardblyth,2407,,
servicing,2404,,
longterm,2403,,
foa,2398,,
owners,2397,,
wishing,2397,,
checks,2396,,
entrepreneurs,2395,,
stamp,2395,,
communityledhousing,2392,,
cobie,2389,,
viewing,2387,,
riversideian,2383,,
enerphit,2380,,
fb,2380,,
improving,2380,,
forces,2376,,
atlas,2375,,
marossefcovic,2375,,
recruitment,2374,,
backing,2373,,
wonkcomms,2373,,
nomoreply,2372,,
borisorbitgroup,2365,,
roles,2362,,
alonlineni,2359,,
natalieben,2358,,
proudtenant,2357,,
amicushorizon,2355,,
muir,2355,,
returns,2351,,
nigelpdavies,2349,,
solidarity,2349,,
createstreets,2348,,
collaborative,2347,,
csociety,2347,,
picked,2346,,
visits,2346,,
plumbershour,2345,,
andywilliamslht,2343,,
pipeline,2343,,
carolinetorus,2341,,
laws,2341,,
phex,2341,,
fenestration,2340,,
wilouk,2338,,
eciuuk,2337,,
womensart,2337,,
guests,2334,,
sheds,2334,,
sineadbaspire,2333,,
newslandlords,2331,,
uc,2330,,
failed,2327,,
aclasspande,2326,,
dbrayarchi,2326,,
tours,2326,,
ggfnews,2320,,
speyejoe,2320,,
foursevenfive,2316,,
shale,2315,,
snipefnews,2315,,
facman,2314,,
aocinfo,2313,,
stations,2313,,
festive,2312,,
tribute,2312,,
passed,2310,,
frank,2309,,
inclusion,2309,,
robertresource,2309,,
ccities,2307,,
queens,2307,,
copper,2306,,
delivered,2306,,
livinroof,2300,,
courtesy,2299,,
moversshakersuk,2299,,
learned,2297,,
numbergov,2296,,
joint,2295,,
thomas,2295,,
euref,2294,,
speaks,2291,,
firedoorsafetyweek,2290,,
gresb,2290,,
interservenews,2290,,
bba,2287,,
sashadeepwell,2285,,
fenton,2282,,
fixingisthegame,2281,,
hundreds,2281,,
degreesnetwork,2280,,
katedaviesnhht,2278,,
westking,2278,,
guardiansustbiz,2276,,
suggests,2273,,
ingmedia,2269,,
tpas,2269,,
swap,2268,,
demolition,2264,,
goconstructuk,2264,,
kicks,2263,,
shops,2260,,
stuadams,2260,,
helreynolds,2257,,
quotes,2257,,
ncfcareforum,2255,,
ptearchitects,2255,,
shocking,2253,,
syria,2248,,
mortgages,2247,,
pancreaticcanuk,2247,,
robwarm,2247,,
janeduncanpriba,2244,,
bristangroup,2243,,
kingscrossnc,2242,,
placechat,2242,,
sadiq,2239,,
ahmmarchitects,2238,,
thecassart,2235,,
incl,2232,,
booking,2231,,
advisor,2228,,
russellcurtis,2227,,
mygreatplace,2226,,
norfolk,2224,,
brutalhouse,2223,,
clientearth,2221,,
confirms,2220,,
sources,2219,,
roman,2213,,
exeter,2212,,
mini,2209,,
maceuropa,2204,,
markwarren,2199,,
uwheadlines,2199,,
hetas,2198,,
lunchtime,2198,,
modernist,2196,,
swansea,2195,,
borisjworrall,2192,,
relaytotherally,2188,,
loft,2186,,
bold,2185,,
citylordmayor,2184,,
corinespirotech,2184,,
fold,2184,,
monthly,2181,,
costain,2180,,
valves,2177,,
michellegregg,2176,,
doorstopdoors,2175,,
swannamanda,2173,,
markitecture,2171,,
aztecwindows,2169,,
hee,2169,,
geberituk,2168,,
apc,2167,,
chosen,2167,,
hca,2167,,
heritageopenday,2167,,
hvnewsawards,2165,,
aecb,2163,,
qualified,2163,,
ish,2162,,
supplied,2162,,
ur,2162,,
cgapreston,2161,,
msageplumbing,2159,,
fischer,2158,,
stephenbrown,2158,,
structural,2157,,
jenkins,2156,,
managing,2156,,
derngate,2155,,
registration,2155,,
worldbank,2155,,
andrewoverman,2154,,
lovesurveying,2152,,
womeninstem,2151,,
gqaquals,2150,,
jonashworth,2144,,
protected,2142,,
danish,2141,,
falling,2140,,
hmo,2140,,
lloydalter,2138,,
breconf,2135,,
syorksha,2135,,
airtight,2133,,
fraud,2131,,
kevinhousing,2131,,
export,2130,,
iamgmg,2130,,
signing,2130,,
constituency,2126,,
infusionandy,2126,,
williamsco,2125,,
accentgroupltd,2124,,
breacademy,2124,,
ultrasky,2122,,
paulshamplina,2120,,
ippr,2119,,
pimlicoplumbers,2119,,
pledges,2118,,
bisgovuk,2116,,
managers,2116,,
angelabradyriba,2113,,
jjcaspell,2113,,
whitepaper,2113,,
wcobm,2110,,
bristols,2109,,
irena,2107,,
scottbrownrigg,2101,,
productivity,2098,,
import,2096,,
gatesheadcoll,2093,,
reassociation,2090,,
presents,2088,,
kw,2087,,
malg,2087,,
votelabour,2087,,
oecd,2084,,
threats,2082,,
rinnai,2080,,
curator,2079,,
angelanshg,2078,,
taps,2078,,
charliesvha,2077,,
compliant,2075,,
nypassivehouse,2075,,
beisgovuk,2074,,
designjunction,2073,,
mliebreich,2073,,
spra,2073,,
screwfix,2072,,
brandonlewis,2070,,
gdp,2068,,
tariff,2065,,
churches,2064,,
s√,2064,,
slates,2064,,
digicatapult,2063,,
modernslavery,2063,,
exhibitions,2061,,
brownfield,2060,,
cbuilde,2060,,
cheshire,2060,,
edielive,2057,,
irma,2057,,
viessmann,2056,,
included,2054,,
chimney,2053,,
poplarharca,2051,,
brexitcentral,2049,,
logictraining,2049,,
museums,2049,,
localitynews,2048,,
potus,2048,,
oldham,2047,,
peoplesbiz,2047,,
knhkirklees,2045,,
mixed,2044,,
cooling,2043,,
cfigueres,2041,,
cita,2041,,
emilygosden,2041,,
labourlordsuk,2041,,
oatfedgoat,2040,,
viridianhsg,2040,,
donations,2039,,
serpentineuk,2039,,
tomorrowseng,2039,,
sheltered,2037,,
giesenjohn,2035,,
tbif,2034,,
sovereignha,2031,,
wwha,2029,,
hashtag,2027,,
yle,2027,,
rinnaiuk,2023,,
mipimuk,2020,,
towers,2020,,
sohahousing,2019,,
aceupdates,2017,,
merger,2012,,
paying,2012,,
pipesnug,2012,,
autism,2006,,
asia,2005,,
becomes,2005,,
beginbim,2004,,
themsa,2004,,
hardware,2003,,
planningmag,2000,,
rated,2000,,
attended,1997,,
iccwbo,1996,,
liniarprofiles,1989,,
nec,1986,,
nicklinford,1986,,
bbpuk,1983,,
indieretail,1983,,
kate,1983,,
philippajones,1983,,
clubpeloton,1980,,
nasrinfazal,1977,,
seuk,1977,,
thevicsoc,1977,,
teweek,1974,,
hse,1969,,
berlin,1968,,
fayegreavescih,1968,,
orangery,1967,,
carequalitycomm,1965,,
epsrc,1965,,
franchise,1962,,
nhc,1962,,
greenskythinking,1956,,
namgrass,1956,,
challenging,1955,,
trufit,1955,,
nerradtools,1954,,
ptarchitecture,1952,,
spares,1952,,
swindon,1950,,
thebmbi,1948,,
worldwide,1948,,
wgbw,1946,,
bbsrc,1945,,
dawnhfoster,1945,,
macdonald,1945,,
william,1944,,
sajidjavid,1943,,
thewindowoutlet,1943,,
nest,1942,,
yomdel,1942,,
pbctoday,1940,,
intergasheating,1938,,
jacqueallen,1938,,
missecopland,1938,,
abigailspaul,1937,,
britprop,1937,,
lego,1937,,
jonland,1936,,
moved,1936,,
warnings,1936,,
filed,1934,,
ukerchq,1934,,
commspoint,1933,,
stephenhamilnbs,1933,,
antonioguterres,1932,,
facade,1931,,
mep,1931,,
lewisham,1930,,
agm,1929,,
welfarereform,1926,,
fsc,1925,,
collabgrp,1924,,
stelrad,1923,,
wishnw,1921,,
idealstandarduk,1920,,
nationalmerch,1920,,
londonnpc,1916,,
jasbar,1915,,
buildingdesign,1914,,
virtuarch,1912,,
northerncollege,1911,,
esrc,1910,,
esg,1908,,
investments,1908,,
markjsiddall,1906,,
carolinechappy,1905,,
promoting,1905,,
ukcw,1905,,
pilkingtonhale,1904,,
retweets,1903,,
medal,1902,,
fintech,1901,,
gbridgeford,1901,,
synsealtweet,1901,,
londonlive,1900,,
tpascymru,1898,,
stadium,1896,,
interserve,1894,,
adults,1893,,
alzheimerssoc,1893,,
ryder,1891,,
hpsmerchant,1890,,
keepitintheground,1890,,
waspi,1890,,
draytonheating,1887,,
reliable,1887,,
cretech,1886,,
archbensoc,1884,,
gingerbread,1882,,
mentions,1882,,
smiths,1878,,
delegates,1875,,
keen,1875,,
ktnuk,1875,,
labcwarranty,1875,,
rcishow,1875,,
arquitectura,1874,,
proflush,1874,,
ho,1873,,
ngoodrichhsg,1873,,
selfcertify,1871,,
katieschmuecker,1870,,
owenjones,1870,,
giggsy,1869,,
milan,1869,,
selfie,1869,,
architonic,1867,,
entschwindet,1866,,
eurocellplc,1865,,
du,1864,,
goodyerdave,1863,,
liquid,1862,,
pcm,1856,,
mamps,1854,,
republicans,1852,,
bugle,1850,,
erp,1850,,
naturalcapital,1850,,
heroesofheat,1848,,
fixings,1847,,
parsonswhittley,1847,,
orgs,1846,,
goodies,1845,,
pas,1842,,
wipuk,1842,,
appliance,1841,,
cexcellenceyh,1841,,
bifolds,1839,,
burgessalmon,1839,,
explores,1839,,
highburycollege,1839,,
sciencemuseum,1839,,
deposits,1838,,
neilgiller,1838,,
noblefrancis,1837,,
ukha,1836,,
graphic,1834,,
vfm,1834,,
facilities,1832,,
wildwestwednesday,1832,,
livery,1830,,
mindmap,1830,,
starter,1830,,
taipawb,1830,,
futurecitiescat,1827,,
mon,1827,,
buildupon,1826,,
bentleysystems,1822,,
dementiafriends,1822,,
req,1821,,
unequaledheatin,1820,,
compact,1818,,
confirmed,1818,,
hackney,1817,,
tftconsultants,1817,,
bigissue,1816,,
futerra,1816,,
urbanism,1816,,
americas,1814,,
creates,1812,,
forumthefuture,1812,,
hsg,1812,,
raengnews,1812,,
morganstoneltd,1811,,
reynaerslimited,1809,,
eubuildup,1808,,
visitors,1808,,
gloucester,1807,,
nalscheme,1807,,
sketch,1807,,
studley,1807,,
ladies,1806,,
charteredices,1805,,
gbcsa,1805,,
wandleha,1804,,
decent,1801,,
agriculture,1798,,
ng,1797,,
moore,1796,,
tues,1795,,
aviation,1793,,
pindertim,1793,,
asbpuk,1792,,
hepo,1791,,
contourhomes,1789,,
gardening,1789,,
seedandbean,1789,,
symphonyhousing,1789,,
catching,1788,,
patiomaster,1788,,
cinema,1786,,
joemartoccia,1786,,
mauricekilbride,1786,,
phamnews,1784,,
eviecopland,1783,,
elitis,1782,,
michaelemann,1782,,
installs,1781,,
km,1781,,
rob,1781,,
wbcsd,1780,,
carehomes,1779,,
epdm,1779,,
hvmcatapult,1779,,
engaging,1778,,
lending,1778,,
lordsqs,1778,,
sigroofing,1778,,
biennale,1776,,
boards,1776,,
bonn,1776,,
hughpearman,1776,,
natcap,1776,,
reported,1774,,
bc,1773,,
donation,1772,,
paintings,1772,,
bregsblog,1770,,
redditch,1770,,
iconeye,1769,,
mira,1769,,
welshgovernment,1769,,
gogreenbristol,1768,,
velux,1768,,
ciobwales,1766,,
thefloodexpo,1766,,
designboom,1765,,
thejrht,1765,,
homesealwindows,1764,,
trillion,1764,,
cofgcollege,1763,,
kfiskplumbing,1763,,
bigger,1762,,
membrane,1761,,
endurancedoors,1760,,
heroes,1760,,
pruitt,1760,,
talktrafford,1760,,
wehelpyougrow,1760,,
commnrg,1759,,
turnout,1758,,
studiobim,1757,,
rogers,1755,,
lads,1754,,
markelton,1752,,
arcdox,1751,,
brutalism,1750,,
funded,1750,,
lantern,1749,,
links,1749,,
timbmet,1749,,
iet,1748,,
imeche,1748,,
learners,1748,,
hhic,1747,,
lilacleeds,1747,,
cobuilderuk,1746,,
leedscommhomes,1746,,
nationalcareers,1746,,
socmediamayhem,1746,,
storify,1744,,
alumascwms,1740,,
blogs,1740,,
brave,1740,,
spectrumhousing,1740,,
thomasforth,1738,,
tomdyckhoff,1738,,
legacywindows,1737,,
stuartchc,1737,,
jllukresi,1735,,
tpasconf,1735,,
teenagecancer,1733,,
faulknerbrowns,1732,,
norwichlanes,1732,,
estateappsuk,1730,,
theaspiregroup,1728,,
brutalconcrete,1727,,
landscaping,1727,,
bifolding,1726,,
careerent,1726,,
regensw,1726,,
tobermore,1726,,
ukrunchat,1726,,
artwork,1725,,
insightdata,1724,,
silikaltd,1723,,
therealnikross,1723,,
galltrybim,1719,,
hanover,1719,,
helen,1717,,
universalarches,1717,,
messages,1716,,
neighbours,1716,,
biodiversity,1714,,
kirkdemocracy,1712,,
worldarchfest,1712,,
roy,1711,,
engaged,1710,,
federation,1710,,
bosch,1709,,
swishwindows,1707,,
buildshow,1706,,
logic,1706,,
gtgtgt,1704,,
nfrc,1704,,
molearchitects,1703,,
texas,1702,,
placemaking,1700,,
ridgeons,1700,,
villa,1700,,
marksandspencer,1699,,
thy,1699,,
indigenous,1698,,
modelling,1698,,
greenflagaward,1696,,
knows,1696,,
hvnplus,1695,,
plumb,1695,,
propindeye,1693,,
misted,1692,,
togetherhousing,1691,,
feantsa,1690,,
gmhousing,1690,,
laraoyedele,1689,,
drepo,1688,,
trusselltrust,1688,,
hetasuk,1687,,
helptobuy,1686,,
inventory,1685,,
boltonathome,1684,,
lukecross,1684,,
gemstockdale,1683,,
sneak,1682,,
accounts,1680,,
lisanandy,1679,,
rightmoveaddict,1679,,
recognised,1677,,
unga,1677,,
cartridge,1675,,
sse,1675,,
discusses,1674,,
mytradetv,1674,,
recognise,1674,,
ch,1672,,
mrtimdunn,1672,,
manc,1671,,
mattleach,1671,,
vaillantrob,1671,,
thegrumpygasman,1670,,
nominations,1669,,
managed,1668,,
pier,1668,,
carnegieuktrust,1666,,
cathslessor,1665,,
realise,1665,,
uwearch,1664,,
icebim,1663,,
mercuryglazing,1663,,
vikkimackhht,1663,,
evolveldn,1662,,
thesocbiz,1662,,
aircon,1661,,
autumnstatement,1661,,
bristolcouncil,1661,,
lbccsailing,1661,,
meetings,1660,,
learnworkuk,1658,,
missycmiller,1658,,
proclima,1658,,
colegsirgar,1657,,
popup,1657,,
ecclesiastical,1654,,
natcapcoalition,1653,,
nationalgriduk,1652,,
trufitit,1652,,
helenbarnard,1651,,
stuck,1651,,
emmareynoldsmp,1650,,
payments,1650,,
originhousing,1649,,
grants,1648,,
rtpilondon,1647,,
carlsberg,1646,,
slawrencetrust,1645,,
garyhaynes,1643,,
heritagetrusts,1642,,
riversidecarol,1642,,
bromfordlab,1641,,
edwinheathcote,1641,,
cathy,1639,,
vetopropac,1639,,
labourpress,1638,,
owenhatherley,1638,,
dorianbelvoir,1634,,
envagencynw,1634,,
firsttimebuyer,1634,,
johncurtinea,1633,,
serpentine,1633,,
colegmenai,1632,,
supporters,1630,,
aldersgategrp,1629,,
nhmfofficial,1629,,
bandkbuild,1628,,
cumbria,1628,,
mile,1628,,
tanks,1628,,
commonsecc,1627,,
wolverhampton,1626,,
dockyardchatham,1625,,
scotlandbuild,1625,,
sedexcsr,1624,,
marketingderby,1620,,
woodwindowall,1620,,
gbcaus,1619,,
emma,1617,,
fixflo,1616,,
roryolcayto,1616,,
answers,1615,,
icsceurope,1615,,
newport,1612,,
wfp,1611,,
mcsuk,1610,,
bfrc,1608,,
intphc,1608,,
nationalparkcity,1607,,
twwets,1607,,
glenigan,1605,,
risingstarscih,1604,,
tealliving,1604,,
wee,1604,,
firsttime,1603,,
discussions,1602,,
emmamaier,1602,,
photographs,1602,,
progresshg,1602,,
cleanairlondon,1601,,
olevgovuk,1601,,
westkent,1601,,
protecting,1600,,
hansgrohe,1598,,
melaniereescih,1597,,
rotherham,1597,,
units,1597,,
brutalist,1596,,
robgarvey,1596,,
fizz,1595,,
mikebloomberg,1595,,
olds,1595,,
affinitysutton,1594,,
billbutch,1594,,
cymru,1593,,
visionldn,1592,,
wsppbuk,1592,,
architizer,1591,,
ciw,1590,,
saellard,1590,,
thinksmiths,1590,,
dpcarrington,1589,,
palace,1588,,
spiritland,1588,,
casa,1585,,
lawrence,1585,,
amy,1584,,
eurelectric,1583,,
sbhglondon,1583,,
aocconf,1582,,
loveconstruction,1582,,
biggreenweek,1581,,
daniel,1581,,
marleyeternit,1581,,
oliverheath,1581,,
players,1581,,
thinks,1581,,
winitwednesday,1580,,
londonassembly,1579,,
uses,1579,,
cushwakeuk,1577,,
cylinders,1577,,
michaellondonsf,1576,,
authorities,1575,,
madifundraising,1574,,
quoted,1574,,
p√,1570,,
basementconversion,1569,,
preparing,1568,,
meters,1564,,
bully,1563,,
jeremyleggett,1562,,
andywilliamso,1561,,
ma,1561,,
archifringe,1560,,
ukunnewyork,1560,,
champions,1559,,
pieces,1556,,
unveils,1556,,
sending,1555,,
stemettes,1555,,
stopbrexit,1554,,
honeywell,1553,,
specification,1553,,
cef,1552,,
justin,1552,,
matrics,1552,,
symposium,1551,,
theatres,1551,,
infolyha,1550,,
competitions,1548,,
moedas,1548,,
yay,1548,,
victordacunha,1547,,
dropin,1546,,
duncanarchitect,1546,,
fernando,1546,,
anthracite,1545,,
cushwake,1545,,
eating,1545,,
gehousing,1545,,
hartactionlab,1545,,
clerkenwell,1544,,
faster,1544,,
stmungos,1544,,
accessible,1543,,
riverside,1543,,
liquidplastics,1541,,
yesterdays,1541,,
mirashowers,1540,,
macegroup,1539,,
unveiled,1538,,
gmfundraising,1537,,
barnsley,1536,,
coordinator,1535,,
skyscraper,1535,,
veka,1535,,
kevinjfielding,1534,,
carlbrownih,1532,,
hb,1531,,
interfaceinc,1531,,
plumbcbp,1531,,
sharika,1530,,
ty,1530,,
swiftclean,1529,,
cemexuk,1528,,
ending,1527,,
pcsgworld,1527,,
resievent,1527,,
adamvaughanuk,1525,,
jonlbah,1525,,
wwfuk,1525,,
caught,1524,,
ciribini,1524,,
chunkymark,1523,,
idealpro,1523,,
unsc,1523,,
vampa,1523,,
feeneyplumbing,1521,,
grenfelltower,1521,,
copenhagen,1520,,
praseg,1519,,
sustainbrands,1519,,
tomravenscroft,1519,,
aksahomes,1518,,
atag,1518,,
halfonharlowmp,1518,,
barbicancentre,1516,,
dc,1516,,
johnad,1516,,
trustforlondon,1516,,
futures,1514,,
wgcscommunity,1514,,
pilkington,1513,,
tregolwyn,1513,,
irishbuildingol,1512,,
korea,1512,,
jaynehilditch,1511,,
physics,1511,,
thermostatic,1511,,
citylit,1509,,
ethexuk,1509,,
shaunf,1508,,
cislcambridge,1507,,
padstudiouk,1506,,
plymouth,1506,,
viridiansolar,1504,,
crystal,1503,,
demos,1503,,
excelasstandard,1503,,
meant,1503,,
architecturesw,1502,,
philcoffey,1502,,
greensky,1501,,
icbuk,1501,,
mydeposits,1500,,
thermostats,1500,,
cab,1498,,
scotlandstowns,1498,,
lcbbuilding,1497,,
drummondchs,1496,,
fires,1496,,
hebdentownhall,1496,,
mygrantuk,1496,,
genuinely,1494,,
qeprize,1494,,
ages,1493,,
estateagents,1493,,
guggenheim,1493,,
walkabout,1493,,
webuild,1491,,
actions,1490,,
cpaguk,1489,,
drnelsono,1489,,
foreignoffice,1489,,
indias,1489,,
bentleyuki,1488,,
dannywright,1488,,
jjhousingtrust,1488,,
newsfeed,1488,,
sons,1488,,
djkx,1487,,
sianberry,1487,,
adoption,1486,,
bundle,1486,,
youngleaders,1486,,
ne,1485,,
nearlylegal,1485,,
spoke,1485,,
savebrit,1484,,
susty,1483,,
thamesvalleyha,1483,,
triple,1483,,
ashrae,1482,,
uwebristol,1482,,
deforestation,1480,,
livingwageweek,1480,,
powerflush,1480,,
mckinlaycalum,1479,,
teamtht,1478,,
experttradesmen,1476,,
hiv,1473,,
scenes,1473,,
types,1473,,
filming,1472,,
geobiz,1472,,
cemetery,1471,,
organised,1471,,
joetrueman,1469,,
bacon,1468,,
bolton,1468,,
sciencetargets,1468,,
andyheald,1467,,
bbcradiolondon,1466,,
chapel,1465,,
nercscience,1464,,
nhmfconference,1464,,
nzeb,1464,,
adamchallis,1463,,
assets,1463,,
fabricator,1463,,
allowance,1462,,
scapegroup,1462,,
labourlist,1461,,
shortage,1461,,
si,1460,,
completion,1456,,
reforms,1456,,
indoor,1453,,
parkrun,1453,,
sharedassets,1453,,
nmbs,1452,,
italy,1450,,
npl,1450,,
keepbritaintidy,1449,,
productive,1449,,
vokeratrade,1447,,
woodlandtrust,1446,,
dsdha,1446,,
greenregister,1446,,
pennyg,1446,,
salixhomes,1446,,
blinds,1445,,
mirrorpolitics,1445,,
wearing,1445,,
kemetfm,1443,,
wallpapermag,1443,,
autodeskrevit,1441,,
bangladesh,1441,,
martinhilditch,1441,,
thelowcvp,1441,,
xtremedoor,1440,,
davelockerman,1439,,
sarnafil,1438,,
unvented,1438,,
beckieplusdane,1435,,
fosterpartners,1435,,
highlighting,1435,,
tomorrowspaperstoday,1435,,
competentroofer,1433,,
nrdc,1433,,
nwed,1433,,
played,1433,,
cards,1432,,
homesevent,1432,,
leoniegreene,1431,,
basin,1429,,
subsidy,1429,,
receiving,1428,,
denhollingworth,1427,,
gsmithscentre,1427,,
cntomfitz,1426,,
honour,1426,,
marathon,1426,,
ashden,1425,,
nbs,1425,,
sharonhodgsonmp,1425,,
hannahfearn,1424,,
thewisecampaign,1424,,
achieved,1422,,
fdsafetyweek,1422,,
patrickjbutler,1422,,
straw,1422,,
gmchamber,1421,,
modernism,1421,,
civicvoice,1420,,
georgefergusonx,1420,,
realpeopletruestories,1420,,
rebecca,1420,,
sarahboast,1420,,
monhousing,1419,,
disclosure,1418,,
dugganmorrisarc,1418,,
salamanderpumps,1418,,
unite,1418,,
gazette,1417,,
marvinjrees,1417,,
rogue,1417,,
samjacob,1417,,
catherinesoha,1416,,
drought,1416,,
rla,1416,,
andyburnhammp,1415,,
ey,1415,,
ibristolpeople,1415,,
kantrellk,1415,,
pvc,1415,,
forestsandwood,1414,,
tes,1414,,
admin,1413,,
rugby,1413,,
itnproductions,1412,,
bshf,1411,,
hertfordglass,1410,,
keepmoatgroup,1410,,
turnertownsend,1410,,
hfs,1409,,
sikalimited,1409,,
donated,1408,,
ebcsmes,1408,,
itll,1408,,
washyefc,1408,,
foodbank,1407,,
outcomes,1407,,
sbcpt,1407,,
mottmacdonald,1406,,
ihbctweet,1405,,
northstarhg,1405,,
bnppreuk,1404,,
hong,1403,,
presidents,1402,,
scarborough,1401,,
dougparr,1400,,
pension,1400,,
chrisgoulden,1399,,
morris,1399,,
deco,1398,,
allthingsic,1397,,
andynjohnson,1397,,
losing,1397,,
townplanninginfo,1397,,
weds,1397,,
sunampltd,1396,,
supportedhousing,1396,,
bpa,1395,,
ca,1395,,
basnews,1393,,
cmnewsandviews,1393,,
graduates,1393,,
l√,1393,,
alixriverside,1392,,
wishes,1392,,
asap,1391,,
ghg,1391,,
kimoon,1391,,
damianwild,1390,,
stockport,1390,,
grnbz,1389,,
ameliawomack,1388,,
borderbiscuits,1388,,
demo,1388,,
labourhistory,1388,,
wondering,1387,,
cynontafhousing,1386,,
underground,1386,,
botched,1385,,
khansahil,1385,,
borntobuilduk,1384,,
carocomms,1384,,
gregcampbell,1384,,
opendoorsweek,1384,,
drain,1383,,
holidays,1382,,
notthejonbarnes,1381,,
pierstaylor,1381,,
sentinelhq,1381,,
tbt,1381,,
walsallwhg,1380,,
zpp,1380,,
globally,1379,,
hrs,1379,,
younggreenparty,1379,,
moathomes,1378,,
prepared,1378,,
wider,1378,,
andrewmichler,1377,,
jonnelledge,1377,,
markghenderson,1377,,
washington,1377,,
eauknetworking,1376,,
boltonuni,1375,,
jamrat,1375,,
lshtweets,1375,,
uponoruk,1375,,
ideaaward,1374,,
melinhomes,1373,,
somersethouse,1373,,
torture,1373,,
watched,1373,,
conversations,1372,,
diary,1372,,
nasa,1372,,
testo,1372,,
rharrabin,1371,,
krispykremeuk,1370,,
uwl,1370,,
annum,1369,,
onthemarket,1369,,
completes,1368,,
meets,1368,,
arla,1367,,
lfc,1367,,
waspicampaign,1367,,
biglocal,1366,,
pespinosac,1366,,
davidcameron,1364,,
saved,1364,,
dulwichgallery,1363,,
fontsunday,1363,,
breravenscraig,1362,,
drilling,1362,,
katrinaearl,1362,,
masterplan,1362,,
compositedoor,1361,,
lucy,1361,,
britishdesign,1360,,
uklandlords,1360,,
faro,1359,,
pefc,1359,,
thelighthouse,1359,,
caused,1358,,
peek,1358,,
matthewrycroft,1357,,
percent,1357,,
pipework,1357,,
cape,1355,,
sgthompsonbim,1355,,
celebrates,1353,,
gordonmarsden,1352,,
goultralow,1352,,
henergy,1352,,
aia,1351,,
edmiliband,1351,,
ifs,1351,,
phinharper,1351,,
batteries,1350,,
kicking,1350,,
williams,1350,,
cakes,1349,,
lesliechannon,1349,,
whqmag,1349,,
womanthologyuk,1349,,
experiencing,1348,,
familymosaic,1348,,
nfaconf,1348,,
ctitimber,1346,,
michelledonelan,1345,,
norman,1343,,
rubbish,1343,,
sciencegrrl,1343,,
thankyou,1343,,
tho,1343,,
kamcopf,1342,,
vineshpomal,1342,,
internormuk,1340,,
ultion,1340,,
vienna,1340,,
andrewscottgb,1339,,
britishlandplc,1339,,
renegadeguy,1339,,
vokera,1339,,
der,1338,,
jeffs,1338,,
journalism,1338,,
aocsportcomps,1337,,
barcelona,1337,,
bbq,1337,,
gpconf,1337,,
askarch,1336,,
bentley,1336,,
cllr,1336,,
min,1336,,
teamea,1336,,
caring,1335,,
charter,1335,,
laser,1335,,
themtcorg,1335,,
antonyslumbers,1334,,
brussels,1334,,
frucool,1334,,
hqnltd,1334,,
mackintosh,1334,,
overheating,1333,,
sf,1333,,
airquality,1331,,
britishmuseum,1331,,
upad,1330,,
walkergallery,1330,,
georgemokhtar,1329,,
nwhousingcamp,1329,,
philanthropy,1329,,
wolveshomes,1329,,
claireainsley,1328,,
kingstongas,1328,,
biophilicdesign,1327,,
cornwallcollege,1327,,
curated,1327,,
grist,1327,,
hepworthgallery,1327,,
promotion,1327,,
futureshg,1326,,
ordinarycharles,1326,,
dutch,1325,,
merseyside,1325,,
ncpontefract,1325,,
richardblack,1325,,
ristori,1325,,
roseviewwindows,1325,,
temperatures,1325,,
patients,1324,,
saudi,1324,,
henry,1322,,
amsterdam,1321,,
populous,1321,,
stevelcrmayor,1321,,
ooh,1320,,
pitched,1320,,
provided,1320,,
nhfit,1319,,
queries,1319,,
flueshoe,1318,,
decades,1317,,
powerhouse,1317,,
saralivadeas,1317,,
farrellslondon,1316,,
switching,1316,,
tiling,1316,,
catapultuk,1315,,
connectinevents,1315,,
helpmebuildit,1315,,
yo,1315,,
ackempo,1313,,
activists,1313,,
equityhousing,1313,,
iidex,1313,,
peopleinglazing,1313,,
whurst,1313,,
astergroupuk,1312,,
revolatest,1312,,
bliving,1311,,
disasters,1311,,
garethtwmthomas,1311,,
lloyd,1311,,
bin,1310,,
sydney,1310,,
cgiuknews,1309,,
fmb,1309,,
rads,1309,,
unisontweets,1309,,
wearetorus,1309,,
wetroom,1309,,
paulsurin,1308,,
chellekbutler,1307,,
guyshrubsole,1307,,
internalcomms,1307,,
towel,1307,,
kong,1306,,
mapei,1306,,
barrygardiner,1305,,
colinjackson,1305,,
floating,1305,,
toxic,1304,,
speedfit,1303,,
conditions,1302,,
snipef,1302,,
referencing,1301,,
hits,1300,,
sectors,1300,,
andyorrey,1299,,
greenspace,1299,,
harrogate,1299,,
englishheritage,1298,,
complaints,1298,,
alumtradesupply,1297,,
lowcvp,1296,,
skyline,1296,,
levy,1295,,
dogs,1294,,
neaukcharity,1294,,
qpw,1294,,
aluncairns,1293,,
gwynnemp,1293,,
mentioned,1293,,
findings,1292,,
orr,1292,,
worldskillsad,1292,,
mo,1291,,
wright,1291,,
aya,1290,,
prefab,1289,,
rises,1289,,
jameshresource,1288,,
ply,1288,,
voices,1287,,
worldplumbingday,1287,,
cylinderltd,1286,,
mining,1286,,
allowed,1285,,
didyouknow,1285,,
groundworklon,1285,,
hmrc,1285,,
parttimejobs,1285,,
swannplumbing,1285,,
tokyo,1284,,
bgreencapital,1283,,
log,1283,,
multipleneeds,1283,,
aylesbury,1282,,
nicks,1282,,
nolettinggo,1282,,
thou,1281,,
blueprintmag,1278,,
cgsltd,1278,,
finzelsreach,1278,,
gcse,1278,,
scothousingnews,1278,,
tidal,1278,,
circular,1277,,
pmpm,1277,,
trans,1277,,
wk,1277,,
futurefuels,1276,,
infraintel,1276,,
citywesthousing,1275,,
islands,1275,,
revitspace,1275,,
jondaley,1274,,
mary,1274,,
campbellrobb,1273,,
davey,1273,,
taffhousing,1273,,
mdkine,1272,,
aianational,1271,,
rkyte,1271,,
smaller,1271,,
stonewalluk,1271,,
transparency,1270,,
rehau,1269,,
vistapanelsltd,1269,,
creativebridge,1268,,
da,1268,,
failing,1268,,
barbican,1267,,
bedford,1267,,
buildtorent,1267,,
jrarchitects,1267,,
parliamentary,1267,,
portland,1267,,
snp,1267,,
tag,1267,,
wbef,1267,,
pacific,1266,,
mgp,1265,,
newwavedoors,1265,,
edward,1264,,
floraarchitect,1264,,
jwheating,1264,,
inwed,1263,,
screening,1263,,
keylitetweets,1262,,
presented,1262,,
wepuk,1262,,
citizensadvice,1261,,
planitpres,1261,,
priorities,1261,,
rhoneyjones,1261,,
stockporthomes,1261,,
fredmills,1259,,
gove,1259,,
scanning,1259,,
bigdata,1258,,
defence,1258,,
lowcarbonhub,1258,,
utilityweeklive,1258,,
channelnews,1257,,
hydehousing,1257,,
racheljbell,1257,,
tomlondon,1257,,
worthing,1257,,
cad,1256,,
gin,1256,,
mapping,1256,,
reddit,1256,,
rooms,1256,,
jnicholsongas,1254,,
theedtuk,1254,,
gdkplumbing,1253,,
jewellery,1253,,
tico,1253,,
backclimateaction,1252,,
unesco,1252,,
alcester,1251,,
bosworthglass,1251,,
gem,1251,,
powerflushing,1251,,
hightown,1250,,
aristonuk,1249,,
cifireland,1249,,
nottinghillhg,1249,,
planamikebarry,1249,,
primaryengineer,1249,,
coaching,1248,,
jablite,1248,,
kevin,1247,,
waynemcgregor,1247,,
grateful,1246,,
svha,1246,,
bbcwalesnews,1245,,
calendar,1244,,
icsc,1244,,
jfplastics,1244,,
julie,1244,,
spectacular,1244,,
dangers,1243,,
slateroof,1243,,
humanitarian,1242,,
upgrade,1242,,
mikegalsworthy,1241,,
northwooduk,1241,,
theifs,1241,,
ayawards,1240,,
galleries,1240,,
midlandheart,1240,,
wayrauk,1240,,
powers,1239,,
runkeeper,1239,,
bbcbreakfast,1238,,
bondbryan,1238,,
rep,1238,,
turner,1238,,
cgi,1237,,
drmmarchitects,1237,,
fringe,1237,,
modernisation,1237,,
cleaning,1236,,
greensports,1236,,
beautifully,1235,,
claimants,1235,,
encraftuk,1235,,
gavinsmartcih,1235,,
accredited,1234,,
agi,1234,,
julieddrill,1234,,
reached,1234,,
lhacap,1233,,
maggieshannonn,1233,,
unido,1233,,
grindrod,1232,,
supportthewalk,1232,,
celebrations,1231,,
wmhousing,1231,,
ceos,1230,,
croftongas,1230,,
testolimited,1230,,
etfoundation,1229,,
hastingspier,1229,,
preston,1229,,
weezybop,1229,,
bristoluni,1228,,
johnplumbing,1228,,
rethink,1228,,
sixtownhousing,1228,,
slhhomes,1228,,
adc,1227,,
iwillcampaign,1227,,
nenglandbuild,1227,,
fed,1226,,
kiergroup,1226,,
arupgroup,1225,,
dawnbutlerbrent,1225,,
geetananda,1225,,
jessphillips,1225,,
opendoors,1225,,
womeninarchitecture,1225,,
improved,1224,,
penniconnectin,1224,,
chrishallamlaw,1223,,
jaideepprabhu,1223,,
sees,1223,,
lisa,1222,,
redevelopment,1222,,
rupahuq,1222,,
buildingcentre,1221,,
iwd,1221,,
ra,1221,,
paddygray,1220,,
abb,1219,,
aecom,1219,,
diem,1219,,
gvaviews,1219,,
thisiscivilengineering,1219,,
aloksharmardg,1218,,
testittuesday,1218,,
gmbunion,1217,,
sehbac,1217,,
shoreditch,1217,,
hurricanes,1216,,
udlondon,1216,,
connected,1215,,
cv,1215,,
katetcpa,1215,,
mindcharity,1215,,
nz,1215,,
tallest,1215,,
moisture,1214,,
welshslateltd,1214,,
citys,1213,,
emails,1212,,
nationallottery,1212,,
relationships,1212,,
basement,1211,,
leasehold,1211,,
stopped,1211,,
supplychain,1211,,
worrying,1211,,
edf,1210,,
emmalewellbuck,1210,,
fennews,1210,,
timetochange,1210,,
ahrcpress,1209,,
encouraging,1209,,
clt,1207,,
lowcarbonsw,1207,,
yourhousing,1207,,
autocad,1206,,
johnawade,1206,,
nigel,1205,,
scrt,1205,,
cheryltracy,1204,,
ciobeasteng,1204,,
funder,1204,,
rshparchitects,1204,,
opera,1203,,
startups,1203,,
bp,1202,,
johnrentoul,1202,,
showthelove,1202,,
btec,1201,,
jarvisplumbing,1201,,
samanthamcclary,1201,,
comobileit,1200,,
considering,1200,,
royalsociety,1199,,
ethical,1198,,
scaffolding,1198,,
su,1198,,
yvettecoopermp,1198,,
officials,1197,,
scientistseu,1197,,
humanspaces,1196,,
sundaegirl,1196,,
fined,1195,,
flexibleworking,1195,,
jonathan,1195,,
norwich,1195,,
spacegrouprob,1195,,
wirral,1195,,
amberruddmp,1194,,
barnetsouthgate,1194,,
capstickssh,1194,,
centreforlondon,1194,,
euenergyweek,1194,,
centrealttech,1193,,
checkproperty,1193,,
hatcherdavid,1193,,
ihchat,1193,,
projectbookmembers,1193,,
terrace,1193,,
bartlettarchucl,1192,,
items,1192,,
curo,1191,,
francis,1191,,
paulawbah,1191,,
rps,1191,,
whichtraders,1191,,
accelerate,1190,,
bme,1190,,
clanmilhousing,1190,,
electoral,1190,,
loans,1190,,
networks,1190,,
aklettner,1189,,
bizdebate,1189,,
gfk,1189,,
grimshawarch,1189,,
recipro,1189,,
bennettsassocs,1188,,
icym,1188,,
learninghousing,1188,,
mooseallain,1188,,
ngoodrich,1188,,
scottishhousingday,1188,,
unitedwelsh,1187,,
joe,1186,,
yam,1186,,
alison,1185,,
futurecities,1185,,
michaelteal,1185,,
presentations,1185,,
trending,1185,,
worldskillsukw,1185,,
carolineflintmp,1184,,
princesregen,1184,,
sentinelha,1183,,
tomwatson,1183,,
anchortrust,1182,,
non,1182,,
unitedlivinggrp,1182,,
causes,1181,,
connecthousing,1181,,
cycletomipim,1181,,
decinschools,1181,,
interfaceuk,1181,,
jon,1181,,
nasevent,1181,,
derbyuni,1180,,
lukeperry,1180,,
sep,1180,,
cdknetwork,1179,,
honoured,1179,,
towerhamletsnow,1179,,
diysos,1178,,
helenapartnersh,1178,,
drivers,1177,,
puragroup,1177,,
rhpuk,1177,,
belfast,1176,,
fawcettsociety,1176,,
fstoppers,1176,,
nickluscombe,1175,,
sitrapolicy,1175,,
unepfi,1175,,
collections,1174,,
defra,1174,,
openbim,1174,,
transportgovuk,1174,,
buildingsmartuk,1173,,
starlightuk,1173,,
broadband,1172,,
documentary,1172,,
jeremytill,1172,,
ashdenawards,1171,,
commitments,1171,,
goldsmithsfair,1171,,
tcmurray,1171,,
attacks,1170,,
denmark,1170,,
singing,1170,,
maria,1169,,
thebodycoach,1169,,
archiboolive,1168,,
icheme,1168,,
rainwater,1168,,
stigma,1168,,
vintage,1168,,
writers,1168,,
jonnie,1167,,
logistics,1167,,
londonisopen,1167,,
pegleryorkshire,1167,,
traceylees,1167,,
bob,1166,,
charityworksuk,1166,,
durham,1166,,
florida,1166,,
gardenbridge,1166,,
opendoorswknd,1166,,
presentcorrect,1166,,
edinburghcoll,1164,,
gmmayor,1164,,
lancstrade,1164,,
listedproperty,1164,,
antisocial,1163,,
wakefield,1163,,
ysoya,1163,,
dickkingsmith,1162,,
karen,1162,,
makers,1162,,
rowanmoore,1162,,
totallythames,1162,,
ambassadors,1161,,
suite,1161,,
lborouniversity,1160,,
modular,1160,,
somerset,1160,,
midnight,1159,,
mould,1159,,
veluxgbi,1159,,
canphiwest,1158,,
hvnawards,1158,,
max,1158,,
votegreen,1158,,
ceresnews,1157,,
peterwarm,1157,,
wildfires,1157,,
acesupported,1156,,
hullcollegegrp,1156,,
usociety,1156,,
proinstaller,1155,,
stokecity,1155,,
thhomes,1155,,
automatically,1154,,
endangered,1154,,
jack,1154,,
nomorepotholes,1154,,
thamesreach,1154,,
dickies,1153,,
slhgroup,1153,,
suzannahnichol,1153,,
bandofbuilders,1152,,
economiamag,1152,,
gm,1152,,
humans,1152,,
lib,1152,,
puts,1152,,
bifmwifm,1151,,
chrome,1151,,
santa,1151,,
methane,1150,,
mixer,1150,,
ruralhousing,1150,,
arperspa,1149,,
eviction,1149,,
pidginperfect,1149,,
pupils,1149,,
randydeutsch,1149,,
structures,1149,,
inklingllp,1148,,
labiennale,1148,,
masterclass,1148,,
percentisnotenough,1148,,
danjarvismp,1147,,
est,1146,,
maxfordhamllp,1146,,
nfu,1146,,
staying,1146,,
debbieabrahams,1145,,
pal,1145,,
swimming,1145,,
v√,1145,,
bifmuk,1144,,
cliomahouse,1144,,
facilitiesmanagement,1144,,
shalt,1144,,
davezuk,1143,,
elliswoodman,1143,,
smmt,1143,,
bmabathrooms,1142,,
bobblackmanmp,1142,,
medieval,1142,,
dezeenjobs,1141,,
dubai,1141,,
endhomelessness,1141,,
landmark,1141,,
levittbernstein,1141,,
newhomes,1141,,
regalead,1141,,
powellds,1140,,
rhchelsea,1140,,
spain,1140,,
subscribe,1140,,
dealing,1139,,
juliewongo,1139,,
coldbeanz,1137,,
extinction,1137,,
sw,1137,,
zehnderpassive,1137,,
lindsayfelstead,1136,,
northwardsmcr,1136,,
blocked,1135,,
defences,1135,,
names,1135,,
rewards,1135,,
unemployment,1135,,
dutemannuk,1134,,
geberit,1134,,
gftomlinson,1134,,
woodland,1133,,
chairs,1133,,
danielbentley,1133,,
davidwinsper,1133,,
organising,1133,,
sedex,1133,,
southampton,1133,,
awardwinning,1132,,
ladybasildon,1132,,
placesforpeople,1132,,
railway,1132,,
cambridgeeng,1131,,
heads,1131,,
singapore,1131,,
williamslivia,1131,,
forbes,1130,,
paulwdiggory,1130,,
cdplumbin,1129,,
dekkowindows,1129,,
developer,1129,,
gr,1129,,
momentum,1129,,
ibiawards,1128,,
labourlewis,1128,,
orders,1128,,
emmalindley,1127,,
hastings,1127,,
melbourne,1127,,
achievements,1126,,
oniropolis,1126,,
ncvo,1125,,
terry,1125,,
volunteersweek,1125,,
brutal,1124,,
decided,1124,,
shirleyayres,1124,,
skynews,1124,,
technician,1124,,
oldhamcollege,1123,,
seats,1123,,
carlcta,1122,,
cnn,1122,,
fotofacade,1122,,
migrants,1121,,
rollout,1121,,
gary,1120,,
kaneanalysers,1120,,
reglazeit,1120,,
vans,1120,,
fitter,1119,,
pensions,1119,,
bishmanchester,1118,,
harrypaticas,1118,,
laura,1117,,
nfutweets,1117,,
bitcoin,1116,,
collaboutloud,1116,,
connectwith,1116,,
croydonairport,1116,,
hotpixuk,1116,,
iko,1116,,
follows,1115,,
gregbarkermp,1115,,
sobre,1115,,
theneg,1115,,
communityowned,1114,,
firesafety,1114,,
madrid,1114,,
peabodyldn,1114,,
reckon,1114,,
checking,1113,,
greenstar,1113,,
londonyimby,1113,,
related,1113,,
commonseac,1112,,
investorshow,1112,,
makevotesmatter,1112,,
guardiancities,1111,,
nyph,1111,,
skillsforcare,1111,,
techlondonadv,1111,,
thenhguk,1111,,
yemen,1111,,
justsuper,1110,,
nominees,1110,,
transformed,1110,,
deserves,1109,,
donating,1109,,
exxon,1109,,
icon,1109,,
olympics,1109,,
revo,1109,,
kenloachsixteen,1108,,
altecnic,1107,,
constituents,1107,,
dancing,1106,,
expertcitizens,1106,,
picks,1105,,
bbcmarkeaston,1104,,
centres,1104,,
feat,1104,,
shedkm,1104,,
tenanttax,1104,,
casement,1103,,
fluxuatortool,1103,,
tobylloyd,1103,,
whoseshoes,1103,,
biscuits,1102,,
youngscot,1102,,
incomes,1101,,
lifechangestrst,1101,,
teleproperty,1101,,
fareshareuk,1100,,
reciprocity,1100,,
hlfsupported,1099,,
incgrowth,1099,,
achieving,1098,,
cem,1098,,
sur,1098,,
arper,1097,,
cardiffuni,1097,,
caroline,1097,,
lizcooknewman,1097,,
optima,1097,,
reduced,1097,,
scary,1097,,
csjthinktank,1096,,
cullinanstudio,1096,,
housings,1096,,
lettingagents,1096,,
mlawrencejourno,1096,,
treehugger,1096,,
emilythornberry,1095,,
lgbtqi,1095,,
richonlyinname,1095,,
elearning,1094,,
epic,1094,,
nce,1094,,
suds,1094,,
wulvern,1094,,
explorewellcome,1093,,
lionheartrics,1093,,
lucianaberger,1093,,
pensioners,1093,,
sterlinggas,1093,,
weird,1093,,
forgotten,1092,,
newbury,1092,,
turbines,1092,,
matthew,1091,,
wireless,1091,,
foodbanks,1090,,
imports,1090,,
runners,1090,,
staircase,1090,,
bsuccar,1089,,
cottage,1089,,
designcurial,1089,,
equityxdesign,1089,,
healthandsafety,1089,,
implementation,1089,,
midlandsengine,1089,,
polling,1088,,
andrewvandoorn,1087,,
became,1087,,
radiangroup,1087,,
drill,1086,,
effects,1086,,
fo,1086,,
nescot,1086,,
nsccspecialists,1086,,
surbiton,1086,,
leadertogether,1085,,
minimum,1085,,
petersglen,1085,,
toronto,1085,,
blockchain,1084,,
elpinchbeck,1084,,
geospatial,1084,,
jolyonmaugham,1084,,
chestertweets,1083,,
genius,1083,,
hamper,1083,,
thenextchapter,1083,,
eusciencehub,1082,,
explaining,1082,,
shanghai,1082,,
heritagengos,1081,,
princesfound,1080,,
apmweb,1079,,
buddy,1079,,
plumbexpo,1079,,
standardnews,1079,,
brill,1078,,
campaigns,1078,,
gym,1078,,
lived,1078,,
mrasingh,1078,,
owen,1078,,
stands,1078,,
stpaulslondon,1078,,
womencollege,1077,,
budgets,1076,,
detectors,1076,,
hancocknbrown,1076,,
mcr,1076,,
specflue,1076,,
brufma,1075,,
thetimes,1075,,
worldhabitatawards,1075,,
bags,1074,,
bevanfoundation,1074,,
blackpoolsixth,1074,,
expo,1074,,
hearchive,1074,,
justinmadders,1074,,
teammarketing,1074,,
thenextweb,1074,,
cases,1073,,
devon,1073,,
offered,1073,,
rachaelswindon,1073,,
sitting,1073,,
julienicholas,1072,,
montepaulsen,1072,,
posts,1072,,
strawbale,1072,,
behalf,1071,,
lizschofieldmay,1071,,
mancitycouncil,1071,,
miami,1071,,
prince,1071,,
rohingya,1071,,
zerowasteweek,1071,,
britwoodfed,1070,,
mynwrc,1070,,
princestrust,1070,,
provoking,1070,,
stephentwigg,1070,,
sunset,1070,,
billmckibben,1069,,
suehayman,1069,,
yorkpress,1069,,
daisyfroud,1068,,
jenthedecorator,1068,,
oilfiredup,1068,,
buildinglife,1067,,
coffeyarch,1067,,
escapebathrooms,1067,,
imfuna,1067,,
pilkingtonuk,1067,,
cn,1066,,
implications,1066,,
quals,1066,,
shots,1066,,
yusofabdullah,1066,,
bouyguesuk,1065,,
childcare,1065,,
trusts,1065,,
communityled,1064,,
fake,1064,,
happiness,1064,,
topconpid,1064,,
flexible,1063,,
univofstandrews,1063,,
ymca,1063,,
demandresponse,1062,,
interviews,1062,,
irishbimcrew,1062,,
rio,1062,,
farrell,1061,,
trowers,1061,,
wera,1061,,
wspuk,1061,,
nurses,1060,,
clinton,1059,,
keithedwards,1059,,
placement,1059,,
competitors,1058,,
learnt,1058,,
mennewsdesk,1058,,
rachelreevesmp,1058,,
minecraft,1057,,
redress,1057,,
sarahrocklaw,1057,,
taster,1057,,
louise,1056,,
mollybristol,1056,,
municipaldreams,1056,,
charges,1055,,
coastal,1055,,
raewatson,1055,,
claire,1054,,
covering,1054,,
gig,1054,,
ipad,1054,,
labourinforbritain,1054,,
sb,1054,,
jamestickell,1053,,
latejunction,1053,,
leaderboard,1053,,
mapeiukltd,1053,,
mcaleerrushe,1053,,
carpet,1052,,
conhome,1052,,
countdown,1052,,
fox,1052,,
thatbimthing,1052,,
houston,1051,,
iphone,1051,,
londonatmipim,1051,,
maearchitects,1051,,
phil,1051,,
runforhomes,1051,,
ukcohousing,1051,,
acenational,1050,,
felicityaster,1050,,
ghdebate,1050,,
cnet,1049,,
islington,1049,,
swccollege,1049,,
worldmeatfreeday,1049,,
locality,1048,,
ovotob,1048,,
vertical,1048,,
applied,1047,,
dprinting,1047,,
ehsmith,1047,,
enel,1047,,
guildhall,1047,,
marycreaghmp,1047,,
programmes,1047,,
bees,1046,,
jesticowhiles,1046,,
clever,1045,,
nulc,1045,,
skinnock,1045,,
stocked,1045,,
crouchendtiger,1044,,
howarthtimber,1044,,
robots,1044,,
serauk,1044,,
bmjnet,1043,,
cleanenergyeu,1043,,
journalists,1043,,
sjnews,1043,,
catherinewest,1042,,
comshares,1042,,
novus,1042,,
outdoor,1042,,
svpol,1042,,
battersea,1041,,
wanting,1041,,
bestcompanies,1040,,
entering,1040,,
hps,1040,,
ioicnews,1040,,
kenya,1040,,
promises,1040,,
rachel,1040,,
skillbuilderuk,1040,,
stainedglass,1040,,
uswitchtech,1040,,
covered,1038,,
maps,1038,,
mies,1038,,
prints,1038,,
amongst,1036,,
cmbimplus,1036,,
makitauk,1036,,
australian,1035,,
axor,1035,,
bullying,1035,,
vi,1035,,
hospitality,1034,,
shakespearelives,1034,,
zhanews,1034,,
educationgovuk,1033,,
ekbbusiness,1033,,
ex,1033,,
innesengland,1033,,
kykloud,1033,,
mears,1033,,
sunderland,1033,,
wanawards,1033,,
wearestillin,1033,,
conditioning,1032,,
elexshow,1032,,
ggp,1032,,
stove,1032,,
equity,1031,,
fortisliving,1031,,
hods,1031,,
macmillancancer,1031,,
accent,1030,,
communityland,1030,,
lakesmere,1030,,
martinhoscik,1030,,
philip,1030,,
tadd,1030,,
alicejanesmith,1029,,
animals,1029,,
commended,1029,,
forms,1029,,
kept,1029,,
lumleyestates,1029,,
plancon,1029,,
bloombergnef,1028,,
leaking,1028,,
marketors,1028,,
zar,1028,,
cobcollege,1027,,
europes,1027,,
harassment,1027,,
lbfew,1027,,
plugin,1027,,
ward,1027,,
leaves,1026,,
lenders,1026,,
carolinerussell,1025,,
postbrexit,1024,,
vp,1024,,
classes,1023,,
eric,1023,,
londonmetuni,1023,,
moanews,1023,,
resfoundation,1023,,
huwogmore,1022,,
loves,1022,,
newcollswindon,1022,,
curtinsconsult,1021,,
councilhomechat,1020,,
dyk,1020,,
greenwich,1020,,
tidy,1020,,
alisonmcgovern,1019,,
aqualisashowers,1019,,
chicollege,1019,,
euets,1019,,
jonathanleake,1019,,
spendingreview,1019,,
turbine,1019,,
fitters,1018,,
lad,1018,,
lgalabour,1018,,
milesking,1018,,
urbanage,1018,,
funpalaces,1017,,
robin,1017,,
katie,1016,,
knauf,1016,,
rspb,1016,,
tamsinstirling,1016,,
wolvesraces,1016,,
astwoodbank,1015,,
density,1015,,
flex,1015,,
inspection,1015,,
kohler,1015,,
records,1015,,
retech,1015,,
trainee,1015,,
walsall,1015,,
antisemitism,1014,,
antznetwork,1014,,
collecting,1014,,
guttering,1014,,
org,1014,,
ych,1014,,
carehome,1013,,
futurecity,1013,,
homeadore,1013,,
posters,1013,,
saveourocean,1013,,
gilliandarley,1012,,
leaks,1012,,
ni,1012,,
ny,1012,,
plumbase,1012,,
pr√,1012,,
jtjohnftaylor,1011,,
milahardwareuk,1011,,
andrealeadsom,1010,,
kdnavienuk,1010,,
knightdavid,1010,,
packs,1010,,
powered,1010,,
privatisation,1010,,
remains,1010,,
scotgovplanning,1010,,
cute,1009,,
peston,1009,,
spoken,1009,,
themrc,1009,,
audit,1008,,
greatormondst,1008,,
aocsport,1007,,
papers,1007,,
flushing,1005,,
icelondon,1005,,
lime,1005,,
mailonline,1005,,
solo,1005,,
abandoned,1004,,
rias,1004,,
taylor,1004,,
treasury,1004,,
bbcarts,1003,,
decarbonisation,1003,,
esp,1003,,
footprint,1003,,
informative,1003,,
plumbershaun,1003,,
slavery,1003,,
thersaorg,1003,,
timfrier,1003,,
unions,1003,,
blanchford,1002,,
childleeds,1002,,
kbbdaily,1002,,
blueprintcbre,1001,,
brixton,1001,,
joelrpetrie,1001,,
plana,1001,,
sailing,1001,,
whoop,1001,,
airbnb,1000,,
ct,1000,,
eastlondongroup,1000,,
homeqm,1000,,
slating,1000,,
